UserID,EthereumAddress,DID,TxHash,SlotID,CarNumber,IsPriorityUser,MedicalDocHash,MedicalVerified,isAvailable,submitted,DIDDocument,IsInWaitlist,WaitlistPosition
user_1,0xcc5399c5b196467b8fd494a2b08f5863,did:ethr:0xcc5399c5b196467b8fd494a2b08f5863,0xe9f625757beb491583ec84088ce858e7,21,KA10-B1914,False,,,False,False,QmExampleDIDDocHash,True,25
user_2,0x796873d3663140c7b8413fe7ef9fdfc2,did:ethr:0x796873d3663140c7b8413fe7ef9fdfc2,0xaaf134ba32344d4aad2eb774571f7cf9,77,KA42-B3971,False,,,True,False,QmExampleDIDDocHash,False,0
user_3,0xdaf8c312c7e444f7aab339a484a77728,did:ethr:0xdaf8c312c7e444f7aab339a484a77728,0x2d98dc7bb6664c0290072a5a37168854,4,KA61-A3553,False,,,True,False,QmExampleDIDDocHash,False,0
user_4,0x8464bd02c7a14b2fa8d00dc28119bfbf,did:ethr:0x8464bd02c7a14b2fa8d00dc28119bfbf,0x352f9a05dd9c44b0a3f6df6ac39e09a7,51,KA55-B7035,True,Qmc0dea820e5524e80b3df93832f354de0,False,True,True,QmExampleDIDDocHash,False,0
user_5,0x02f36b5312534567ae103d975638c4b2,did:ethr:0x02f36b5312534567ae103d975638c4b2,0xd668317a1cf34f0dbaab04e41f5634da,90,KA30-C2216,False,,,True,False,QmExampleDIDDocHash,False,0
user_6,0x1dd21332882c4868b5d9ab5811bdb6fc,did:ethr:0x1dd21332882c4868b5d9ab5811bdb6fc,0xbef008d84be9420abebe74face93a3c1,66,KA91-B8679,False,,,True,False,QmExampleDIDDocHash,False,0
user_7,0xae35ebfdd1fa4f1db97b56e410d4f129,did:ethr:0xae35ebfdd1fa4f1db97b56e410d4f129,0x1d040fcfb2b946889bf601d2b8277bfa,16,KA67-C2939,False,,,True,False,QmExampleDIDDocHash,False,0
user_8,0xb682d1c292d24de9b9c9c96d9a0100ec,did:ethr:0xb682d1c292d24de9b9c9c96d9a0100ec,0x5bd4cef69ca14e4bb2ada0b78ffdd7af,3,KA60-C9614,False,,,True,False,QmExampleDIDDocHash,False,0
user_9,0xfa02572239324c19b22c6556b9c456d9,did:ethr:0xfa02572239324c19b22c6556b9c456d9,0xafc595dc562d4eb589d011dd59e61ddf,58,KA25-B8293,False,,,True,False,QmExampleDIDDocHash,False,0
user_10,0xc26fa7a31bdc482dbbbba9212353cdf1,did:ethr:0xc26fa7a31bdc482dbbbba9212353cdf1,0x7f0acce1905e46b387c0e71bc7b51397,32,KA38-A8582,False,,,False,False,QmExampleDIDDocHash,True,11
user_11,0x692dd52353bb44eb90a72521da381797,did:ethr:0x692dd52353bb44eb90a72521da381797,0xac90af30c1be48e0808e330c37f16e92,11,KA76-B9086,False,,,True,False,QmExampleDIDDocHash,False,0
user_12,0x8b3163207fb447fabd805af037fe15b0,did:ethr:0x8b3163207fb447fabd805af037fe15b0,0x285cc2bdbec54358b48aba803e0311e4,2,KA89-B6268,False,,,True,False,QmExampleDIDDocHash,False,0
user_13,0x31d931baa7d54d75a675b777643d23f9,did:ethr:0x31d931baa7d54d75a675b777643d23f9,0x10d9c175be9a4d508ef1c4512ea36af2,28,KA54-B7533,False,,,True,False,QmExampleDIDDocHash,False,0
user_14,0x00d307d2321f46d3800ab0b91bfd3e4c,did:ethr:0x00d307d2321f46d3800ab0b91bfd3e4c,0xfbdd989bb5664771b2f525910eaa192a,67,KA76-B4350,True,Qmfa5cfa41636346ada5219c91c8b1cd74,True,True,True,QmExampleDIDDocHash,False,0
user_15,0x1b0accd83bbc4cc388ab2d5bfc48895b,did:ethr:0x1b0accd83bbc4cc388ab2d5bfc48895b,0xba532344d6234f6ba177f7418db5a370,72,KA69-C8903,False,,,True,False,QmExampleDIDDocHash,False,0
user_16,0x2059b058faef4dacbdc8259060c16d94,did:ethr:0x2059b058faef4dacbdc8259060c16d94,0x0588bdadd68c42429725919e4ba484c4,28,KA71-A6537,True,Qm78682c57dc7f404e945b52f398842de4,True,False,True,QmExampleDIDDocHash,True,22
user_17,0x1275d4f1695140ad9c695484fabb0da2,did:ethr:0x1275d4f1695140ad9c695484fabb0da2,0x34caaaf1048e487b88a238dcb9282eb2,35,KA93-B1178,False,,,True,False,QmExampleDIDDocHash,False,0
user_18,0x4ce33290ec104e0e942184e75be6bd14,did:ethr:0x4ce33290ec104e0e942184e75be6bd14,0x4db789c8bc1f4e52ba942869e335f9d6,87,KA59-A1034,False,,,True,False,QmExampleDIDDocHash,False,0
user_19,0x3a8f5e790ffc4ba68d79645f6e53f215,did:ethr:0x3a8f5e790ffc4ba68d79645f6e53f215,0x406be2c860dd491a860c88ffed8ef8f7,49,KA84-A8557,False,,,True,False,QmExampleDIDDocHash,False,0
user_20,0x88f894475ac04e4eb7254f2cdecafdff,did:ethr:0x88f894475ac04e4eb7254f2cdecafdff,0xd9c328b2cd0e44ab8eb7b750c26b4e09,42,KA30-B5699,False,,,True,False,QmExampleDIDDocHash,False,0
user_21,0xdaf1d428481a49ce95e2e4635717b056,did:ethr:0xdaf1d428481a49ce95e2e4635717b056,0x98318a51042b4bcc93cc974fdc91876d,45,KA76-B4261,False,,,True,False,QmExampleDIDDocHash,False,0
user_22,0x2a1a95750d9c42dcb4853368aa6911ce,did:ethr:0x2a1a95750d9c42dcb4853368aa6911ce,0xbf234c013de744e6ac73319f35d2100d,82,KA85-A2638,False,,,True,False,QmExampleDIDDocHash,False,0
user_23,0xf6a37c89a51a4ddda4481f11c4afc22f,did:ethr:0xf6a37c89a51a4ddda4481f11c4afc22f,0x837ba7f6fda4495b9a1b794d0377c948,98,KA73-A1324,False,,,True,False,QmExampleDIDDocHash,False,0
user_24,0x0eab7ffd42604f6a983389e68a082b25,did:ethr:0x0eab7ffd42604f6a983389e68a082b25,0xcc13cf31c88c4fc980da49246143d9e9,4,KA98-B1951,False,,,True,False,QmExampleDIDDocHash,False,0
user_25,0x2992b30264be40aca453e169faf426ff,did:ethr:0x2992b30264be40aca453e169faf426ff,0x6feb18617b384bc0a0eefe36a3b49741,96,KA43-A6374,True,Qmd9be0d7b01f64444874c991f7a18ef5a,False,True,True,QmExampleDIDDocHash,False,0
user_26,0x90853a45012b46d58cd06532482b6666,did:ethr:0x90853a45012b46d58cd06532482b6666,0xd22fcb8e5d8b4c4daa299bb974a50ead,61,KA88-B4335,False,,,True,False,QmExampleDIDDocHash,False,0
user_27,0x56ab54d9d12844eda92482548e8d796e,did:ethr:0x56ab54d9d12844eda92482548e8d796e,0x67d77eef72874420a07453780012f99f,34,KA12-A1430,False,,,True,False,QmExampleDIDDocHash,False,0
user_28,0xb99dbb57ea364248b48f67453ed7b8f3,did:ethr:0xb99dbb57ea364248b48f67453ed7b8f3,0x4cae052ad8b1445c94761ec38bac3746,95,KA37-B2431,False,,,True,False,QmExampleDIDDocHash,False,0
user_29,0xc1ce4c60f7664a299780fe2ab853be82,did:ethr:0xc1ce4c60f7664a299780fe2ab853be82,0xc93de0cb611b4e44aad618c16a33ff8a,10,KA55-A1763,False,,,True,False,QmExampleDIDDocHash,False,0
user_30,0x8ab9e6d1afe34fe3ba5ddbaca2735611,did:ethr:0x8ab9e6d1afe34fe3ba5ddbaca2735611,0x320fddd44485476aaf062a5e76cc639d,89,KA19-B4575,False,,,True,False,QmExampleDIDDocHash,False,0
user_31,0x2caa9057af124e7382b822c4f7327a91,did:ethr:0x2caa9057af124e7382b822c4f7327a91,0x03ff4a3820ea4fd88a8c4a2f2453ed29,16,KA72-A2872,False,,,True,False,QmExampleDIDDocHash,False,0
user_32,0x2ea832f0aca94f9fb66713fe837be714,did:ethr:0x2ea832f0aca94f9fb66713fe837be714,0xaa9d18c007134cef9c879ac27a079a98,20,KA94-B6201,False,,,True,False,QmExampleDIDDocHash,False,0
user_33,0x84c93c10d0ca4e5a918abdfa769abb5a,did:ethr:0x84c93c10d0ca4e5a918abdfa769abb5a,0xcbcc5e0953264dddb1f64b421a1c5ed6,100,KA45-A1869,True,Qme0c5b80a0d104285b09f9cf6d43639c8,True,True,True,QmExampleDIDDocHash,False,0
user_34,0x99ae0ddb6ffa4f80b381aa25e26d008b,did:ethr:0x99ae0ddb6ffa4f80b381aa25e26d008b,0x6ed3d7198f2346d5a9ddb07b996433a2,4,KA99-C3758,False,,,False,False,QmExampleDIDDocHash,True,3
user_35,0xf9a6f23dd9fc409a824e69e4054fdff4,did:ethr:0xf9a6f23dd9fc409a824e69e4054fdff4,0x40b44625c02d416897e8b5625446aa4f,15,KA71-C7181,False,,,True,False,QmExampleDIDDocHash,False,0
user_36,0x3b81d0242ea54620abd43f737ac581a0,did:ethr:0x3b81d0242ea54620abd43f737ac581a0,0xa483d7fc82bc4345ac732145463c26f4,41,KA35-C4798,False,,,True,False,QmExampleDIDDocHash,False,0
user_37,0xb0896552e147428fac345181205b68cd,did:ethr:0xb0896552e147428fac345181205b68cd,0xe347ca8be43a4e568265e0648919665a,44,KA90-B3932,False,,,True,False,QmExampleDIDDocHash,False,0
user_38,0x152f847bb9b94a6ab04e25f4f0e1d9bd,did:ethr:0x152f847bb9b94a6ab04e25f4f0e1d9bd,0x3d9418905ed44f97b40446a13aac6d4e,14,KA15-B9019,False,,,True,False,QmExampleDIDDocHash,False,0
user_39,0x2a81683a2a7747179d2154d51fd69dfd,did:ethr:0x2a81683a2a7747179d2154d51fd69dfd,0xa441a2eb26ac4a8c8008ff72dc00c00a,87,KA88-A8104,False,,,True,False,QmExampleDIDDocHash,False,0
user_40,0x735e6035efbc4a0fbd496a37b722a779,did:ethr:0x735e6035efbc4a0fbd496a37b722a779,0xd0bebe91aa8542c39c633872346003c3,4,KA76-B2606,False,,,True,False,QmExampleDIDDocHash,False,0
user_41,0x79ab50f519104e01ad902712af571391,did:ethr:0x79ab50f519104e01ad902712af571391,0xfccd6bf69951458094e23ab301a8ef9c,34,KA77-B1484,True,Qm5e85fa987f0f41a6b2f7be76851cc482,True,True,True,QmExampleDIDDocHash,False,0
user_42,0xd229ca9e0de24957af30f768dd13e5b0,did:ethr:0xd229ca9e0de24957af30f768dd13e5b0,0xf5cda388ce314b3fb105cabc8c6e48da,23,KA51-A3745,False,,,True,False,QmExampleDIDDocHash,False,0
user_43,0xb22c79ee7efb4eb88b5497694c03aaa8,did:ethr:0xb22c79ee7efb4eb88b5497694c03aaa8,0x98d23a02becf4580b0bf3593392bd313,1,KA95-C8516,False,,,False,False,QmExampleDIDDocHash,True,16
user_44,0xd871927f26864387a4ea1f09588be693,did:ethr:0xd871927f26864387a4ea1f09588be693,0x3259c4e5556b4ab98c7b5063f125ec26,10,KA86-B4968,False,,,True,False,QmExampleDIDDocHash,False,0
user_45,0xa95e345727db4d68a2c3545bae5120df,did:ethr:0xa95e345727db4d68a2c3545bae5120df,0xb80b24a8e4da4d199fb867c53c3ffe53,33,KA85-C5311,False,,,True,False,QmExampleDIDDocHash,False,0
user_46,0x74374ba48d0944e8a136840a7441e248,did:ethr:0x74374ba48d0944e8a136840a7441e248,0xa8de7e879c49492aa58521814003756b,65,KA35-A8963,False,,,True,False,QmExampleDIDDocHash,False,0
user_47,0x4597bfcb81044a05b742307d4124d95f,did:ethr:0x4597bfcb81044a05b742307d4124d95f,0xe03ef11166824d37913d83a65e93b6fc,48,KA11-A7047,False,,,True,False,QmExampleDIDDocHash,False,0
user_48,0x18b89a5e7f0a47b9a56e464f6fff2938,did:ethr:0x18b89a5e7f0a47b9a56e464f6fff2938,0xe666d229210e4252a255478a6cb8f12d,67,KA77-B9462,False,,,True,False,QmExampleDIDDocHash,False,0
user_49,0xc3d0eb59886d4059a603e55a0768d0b7,did:ethr:0xc3d0eb59886d4059a603e55a0768d0b7,0x7cc0aae36f94466ca4047f6947f7d98e,71,KA62-C2839,False,,,True,False,QmExampleDIDDocHash,False,0
user_50,0xafdff41ca17e4545ba83304b38fef775,did:ethr:0xafdff41ca17e4545ba83304b38fef775,0x2a19f42d2cec46b0a7fd69455755f9a9,11,KA47-B4585,False,,,True,False,QmExampleDIDDocHash,False,0
user_51,0xff1c3912fe1d4cada0afab1bdaa506f8,did:ethr:0xff1c3912fe1d4cada0afab1bdaa506f8,0x2f7a7b01b03a47f49022b4449769c6ce,91,KA19-C2026,False,,,True,False,QmExampleDIDDocHash,False,0
user_52,0x547e28ace318419daf4aca5f34e2b31e,did:ethr:0x547e28ace318419daf4aca5f34e2b31e,0xe65aac66bf314780a993dc0932cb963f,16,KA66-C2785,False,,,True,False,QmExampleDIDDocHash,False,0
user_53,0xe4b389ac6954419eb7eb1521d1612fb1,did:ethr:0xe4b389ac6954419eb7eb1521d1612fb1,0x57dbfeef71a441059deda29bbb7a8052,45,KA51-A1029,False,,,True,False,QmExampleDIDDocHash,False,0
user_54,0x6b59eeb387d949b3a229e434be268b7b,did:ethr:0x6b59eeb387d949b3a229e434be268b7b,0xc2511790a1e8488492c0a329509f74d8,92,KA96-A6399,False,,,True,False,QmExampleDIDDocHash,False,0
user_55,0x4d4a76336e944f009d866bc845110392,did:ethr:0x4d4a76336e944f009d866bc845110392,0xb3fb9cdd19d749b99273f02c5aa0f621,23,KA10-A6721,True,Qm338947adbf9443a0a0fc943d7b2962f9,False,True,True,QmExampleDIDDocHash,False,0
user_56,0xdf4e22d639254c838080532369a99518,did:ethr:0xdf4e22d639254c838080532369a99518,0x27b60d51cda641149ca9a4631a1a8585,32,KA49-A1001,False,,,True,False,QmExampleDIDDocHash,False,0
user_57,0x6f924854e62c468e8b35c92be43d9557,did:ethr:0x6f924854e62c468e8b35c92be43d9557,0x6c76157dc95743c996693b0fb3637439,83,KA52-B3359,False,,,False,False,QmExampleDIDDocHash,True,13
user_58,0x7f9f863c501a4670b6de9d3f8c9bfaab,did:ethr:0x7f9f863c501a4670b6de9d3f8c9bfaab,0x7ee30252cecf4c6ca0f756dde29a6fb1,19,KA17-A1926,False,,,False,False,QmExampleDIDDocHash,True,34
user_59,0xa184e6509c094dc493d9143bcba6ba8a,did:ethr:0xa184e6509c094dc493d9143bcba6ba8a,0x6ba31599a5d84b83b684ebd02f82547e,50,KA82-A7434,True,Qma67180dae2e24d6798f480615ef8e5db,False,True,True,QmExampleDIDDocHash,False,0
user_60,0x370220c819a34cb0a000567254ad5584,did:ethr:0x370220c819a34cb0a000567254ad5584,0xc54871c8acd241afb1c2f81c7ce3d0b8,41,KA68-C9913,False,,,True,False,QmExampleDIDDocHash,False,0
user_61,0x788110f8760b4e4ba86eaf6d4d35e313,did:ethr:0x788110f8760b4e4ba86eaf6d4d35e313,0xef591702000747ea923b4e09a6102677,31,KA71-B8481,False,,,True,False,QmExampleDIDDocHash,False,0
user_62,0x34b3c59d7e284250ad98755f316f40d0,did:ethr:0x34b3c59d7e284250ad98755f316f40d0,0xc010514d6f1347c89b546e0c8f0cc866,27,KA18-A2037,False,,,True,False,QmExampleDIDDocHash,False,0
user_63,0xd412c9488cbb4a148dd54bd171283de9,did:ethr:0xd412c9488cbb4a148dd54bd171283de9,0xa4e326de3e2d4bdbab11c42a4c3d1137,51,KA91-B2028,False,,,True,False,QmExampleDIDDocHash,False,0
user_64,0x6da6c47fb2e34072a1006d86fdf1fea7,did:ethr:0x6da6c47fb2e34072a1006d86fdf1fea7,0x23b9dd9b39024e629b126ae165b5a7e0,9,KA38-C6727,False,,,True,False,QmExampleDIDDocHash,False,0
user_65,0x119f7c1574d54fdb80bb8b5904842cc2,did:ethr:0x119f7c1574d54fdb80bb8b5904842cc2,0x16b82c4cad9d4d07a31cb38207cc4d16,38,KA19-B8022,False,,,True,False,QmExampleDIDDocHash,False,0
user_66,0x1f2d55bd4df14b879a9609bde213c203,did:ethr:0x1f2d55bd4df14b879a9609bde213c203,0xa71657930fe5474eabd3769f3dd0fa39,25,KA68-B8095,True,Qm42cca59554c646b7a258d1369a818ea3,False,True,True,QmExampleDIDDocHash,False,0
user_67,0x3015c62345714d2dbd5d4fea1f163b22,did:ethr:0x3015c62345714d2dbd5d4fea1f163b22,0x23b7de75463b4ffcbfc1fc382530060a,58,KA78-B8382,False,,,True,False,QmExampleDIDDocHash,False,0
user_68,0x89d1ed8c8adb43f799ae03e63261342d,did:ethr:0x89d1ed8c8adb43f799ae03e63261342d,0x8e5cf58ce3284d7087df6d4b27664dd1,26,KA78-A2826,False,,,True,False,QmExampleDIDDocHash,False,0
user_69,0xbce3361554984ff481145de98053fa95,did:ethr:0xbce3361554984ff481145de98053fa95,0x0be178d4b0f34fe68da9f75f56dbf84c,9,KA78-A5743,False,,,True,False,QmExampleDIDDocHash,False,0
user_70,0x056a34b1919b4991aadbae28efe7f05b,did:ethr:0x056a34b1919b4991aadbae28efe7f05b,0xabf9c246176d41758ab10dcaf92affb4,74,KA84-C7705,False,,,True,False,QmExampleDIDDocHash,False,0
user_71,0x126e401f954f4946b573b4fd39ee30fb,did:ethr:0x126e401f954f4946b573b4fd39ee30fb,0xedd3a8ce888d4a009dd1507d249e6ad3,93,KA74-A2994,False,,,True,False,QmExampleDIDDocHash,False,0
user_72,0xad46cc5df5d0426fb1ba6c273d09fc7f,did:ethr:0xad46cc5df5d0426fb1ba6c273d09fc7f,0xbf40e681dae44cd9a3576236c9cb1aa3,60,KA98-C7901,False,,,True,False,QmExampleDIDDocHash,False,0
user_73,0x91ececea6b394d40b495d779fca70f3a,did:ethr:0x91ececea6b394d40b495d779fca70f3a,0x3a0f071c2859407ab8e40d8617857e2b,56,KA59-A7796,False,,,False,False,QmExampleDIDDocHash,True,14
user_74,0xa0aed6ff97604b488ffbc1f16adf2fa8,did:ethr:0xa0aed6ff97604b488ffbc1f16adf2fa8,0x783e0f766ad244c1bcc51e09b3ffd007,34,KA72-B2114,False,,,True,False,QmExampleDIDDocHash,False,0
user_75,0xed10cc62c67945a4b3fcfcaaa68ead3e,did:ethr:0xed10cc62c67945a4b3fcfcaaa68ead3e,0x6b4d20323c3a41afa52a472853148c42,48,KA61-B4968,True,Qme3cc93cb86fc43bbafb5466d5dd255e3,True,True,True,QmExampleDIDDocHash,False,0
user_76,0x8f67ea96a4224eec8ab01039055e3471,did:ethr:0x8f67ea96a4224eec8ab01039055e3471,0x85b13f3d6ca841638d8fd681ca89e033,45,KA62-A4225,False,,,True,False,QmExampleDIDDocHash,False,0
user_77,0xec01474669284fa798c4e900e0923c88,did:ethr:0xec01474669284fa798c4e900e0923c88,0x6bfd011a5306415ba208b3bd0dea1b62,53,KA59-B7695,False,,,True,False,QmExampleDIDDocHash,False,0
user_78,0x3125f4d7b7d14be8af8d6cdec4bdbeb5,did:ethr:0x3125f4d7b7d14be8af8d6cdec4bdbeb5,0x29148509fd564aa7987025c156fa0d9e,52,KA33-C4718,False,,,False,False,QmExampleDIDDocHash,True,21
user_79,0x1e82a6ecf5c44ef8a6de3786363535a3,did:ethr:0x1e82a6ecf5c44ef8a6de3786363535a3,0x8f76cf4b0c7a459493c7c0545bff8502,91,KA48-A8089,False,,,True,False,QmExampleDIDDocHash,False,0
user_80,0x3d0cbbeeefa842baa95ab4e315b033be,did:ethr:0x3d0cbbeeefa842baa95ab4e315b033be,0x74ac26385fcd4014904f8a84d0d989ee,20,KA47-C6424,True,Qm7893251fe66b407d956ed7cee54cb1b6,False,True,True,QmExampleDIDDocHash,False,0
user_81,0x3126bf1fcc434d35888e047f4792444d,did:ethr:0x3126bf1fcc434d35888e047f4792444d,0xbf97833fe0ab4f98a372c951a0360d99,96,KA75-C3815,False,,,True,False,QmExampleDIDDocHash,False,0
user_82,0x2162bc7d7a7a47fa8598ef9d93c74c01,did:ethr:0x2162bc7d7a7a47fa8598ef9d93c74c01,0xb5759d0cbf8540a7b3b39af1cf488bc2,98,KA63-C7105,False,,,True,False,QmExampleDIDDocHash,False,0
user_83,0xed6217c2e3f74ddda88f9f0cb605fd85,did:ethr:0xed6217c2e3f74ddda88f9f0cb605fd85,0x8cf419cacc7a41719c381aa857a87afa,43,KA63-B6913,False,,,True,False,QmExampleDIDDocHash,False,0
user_84,0xa9f6b0c87d414a5d8d06ce9d4cd72efe,did:ethr:0xa9f6b0c87d414a5d8d06ce9d4cd72efe,0x37c9f3a668094333991b9d11f155931f,43,KA41-A1598,False,,,True,False,QmExampleDIDDocHash,False,0
user_85,0x55c09232255f41a1833569d604301d06,did:ethr:0x55c09232255f41a1833569d604301d06,0xc324f4fcd57e460f9390027150ca8cc2,69,KA10-B7631,False,,,False,False,QmExampleDIDDocHash,True,6
user_86,0x63d35289be1f4499b1fd71b0e5233d2b,did:ethr:0x63d35289be1f4499b1fd71b0e5233d2b,0x06176b32d3c44533a7b01cccf71f084f,83,KA48-C5356,True,Qmd3e984ca128a47dc8715b0f4a361acdf,True,True,True,QmExampleDIDDocHash,False,0
user_87,0x6ca34661d00a422abc3c7cf46f12824a,did:ethr:0x6ca34661d00a422abc3c7cf46f12824a,0xdaa5e252d7504b158c005968c79b8f34,76,KA68-A8705,False,,,True,False,QmExampleDIDDocHash,False,0
user_88,0x0a376205e4e94f1ea3d3242757fb1f25,did:ethr:0x0a376205e4e94f1ea3d3242757fb1f25,0xde992dd11a7a4767ba58749a516cf95c,3,KA22-C4231,False,,,True,False,QmExampleDIDDocHash,False,0
user_89,0xfc03ddd74e4e433991dc63285c301c11,did:ethr:0xfc03ddd74e4e433991dc63285c301c11,0xc1a56c496a2249e8bf1becd672088ea9,66,KA54-C7023,False,,,True,False,QmExampleDIDDocHash,False,0
user_90,0x88a02af290844249bd245fa130604469,did:ethr:0x88a02af290844249bd245fa130604469,0xd1cb302e5099470d92c556ddbe6e5424,55,KA88-C1018,False,,,True,False,QmExampleDIDDocHash,False,0
user_91,0x9497ad62161845ca9feac94f1d09add7,did:ethr:0x9497ad62161845ca9feac94f1d09add7,0xe9e60807d2894869a1a840a95e20fed7,2,KA12-C9660,False,,,True,False,QmExampleDIDDocHash,False,0
user_92,0x28661335f7784ba782dd0dc57c44be3e,did:ethr:0x28661335f7784ba782dd0dc57c44be3e,0xd309eadc71004d469fafa3861df63e7d,38,KA48-C8669,False,,,True,False,QmExampleDIDDocHash,False,0
user_93,0x8eaf40e19fdf4e5b8a8adba49a86d929,did:ethr:0x8eaf40e19fdf4e5b8a8adba49a86d929,0x13f29906d4dc475ebab6b11c0872a934,84,KA71-A4224,False,,,True,False,QmExampleDIDDocHash,False,0
user_94,0xbd17501232e1457fbab2e1a76ddd088e,did:ethr:0xbd17501232e1457fbab2e1a76ddd088e,0xa30d1480ed1048648f79454ab1d3fdad,27,KA32-A2738,False,,,False,False,QmExampleDIDDocHash,True,5
user_95,0x3be4d78ccf5c4346a2a7317da9583ac0,did:ethr:0x3be4d78ccf5c4346a2a7317da9583ac0,0x3e81e860ea744fb5be215a3bb7675e8e,59,KA82-C4448,False,,,False,False,QmExampleDIDDocHash,True,8
user_96,0x893928a4742e46618b5c9150c4395a8e,did:ethr:0x893928a4742e46618b5c9150c4395a8e,0x3f4e39aec34c47cfa9f674887c6a7b4e,19,KA32-C3062,True,Qm45d918df793b4445a655abaeb3b8cdd6,False,True,True,QmExampleDIDDocHash,False,0
user_97,0x1f7f3fa3f2f6403eaa834056c5e22c1e,did:ethr:0x1f7f3fa3f2f6403eaa834056c5e22c1e,0xd9c8fc2611a241f988dc989413968ce2,71,KA50-A4454,False,,,True,False,QmExampleDIDDocHash,False,0
user_98,0xaf359ab27ee747eb979e67e6c765ac0c,did:ethr:0xaf359ab27ee747eb979e67e6c765ac0c,0xa75ef3bbe45340e985f32f2e839afcfe,88,KA94-B9031,False,,,True,False,QmExampleDIDDocHash,False,0
user_99,0xe6df20d003f64278b7d44670529a61b8,did:ethr:0xe6df20d003f64278b7d44670529a61b8,0xf541c637be964cf0b58f0f85bb8fe108,7,KA64-C3866,False,,,True,False,QmExampleDIDDocHash,False,0
user_100,0x9da09ae059374d0f8fe12ff1a4d73b56,did:ethr:0x9da09ae059374d0f8fe12ff1a4d73b56,0xa52632f7c2094bfb91ed7b2fd8a453e4,9,KA56-C7680,True,Qmd9440a06290745d5a5b72d942f23a566,False,True,True,QmExampleDIDDocHash,False,0
user_101,0x77e6b12306a54e1dba82baf93beb007e,did:ethr:0x77e6b12306a54e1dba82baf93beb007e,0xe5984d7f73d6461bbef196e93ee014af,14,KA81-C1292,False,,,True,False,QmExampleDIDDocHash,False,0
user_102,0x92fde50d41c543daa69782e93db9e5c3,did:ethr:0x92fde50d41c543daa69782e93db9e5c3,0xd65b25eba178490e830dd9521d2626d8,38,KA26-B1036,False,,,True,False,QmExampleDIDDocHash,False,0
user_103,0x6e448a0e357d4252ba279090a826b0e1,did:ethr:0x6e448a0e357d4252ba279090a826b0e1,0x62113bc56ff24c1eb23f11ee8442f8f6,82,KA24-A4978,True,Qma31c0e2e590747ce8961ea364216450d,False,True,True,QmExampleDIDDocHash,False,0
user_104,0x1a416d2621044dee96eec9d68f7d6485,did:ethr:0x1a416d2621044dee96eec9d68f7d6485,0x52cec0f692c24a009b2721c63420339e,100,KA26-B7146,False,,,True,False,QmExampleDIDDocHash,False,0
user_105,0x7c268d43bfcd4e84b461e4bda3a04a39,did:ethr:0x7c268d43bfcd4e84b461e4bda3a04a39,0xb6643a57a4a0401698ace939e818a611,12,KA72-C5389,False,,,False,False,QmExampleDIDDocHash,True,30
user_106,0x364394062b574ab3b235a7c9adef337e,did:ethr:0x364394062b574ab3b235a7c9adef337e,0x6426864bc1c8477e9dab9e17867e5a5f,20,KA70-A9949,False,,,True,False,QmExampleDIDDocHash,False,0
user_107,0xd63fc79cd81a4c70bab5cdc96715c323,did:ethr:0xd63fc79cd81a4c70bab5cdc96715c323,0xf0ef34d3a9a44b89ba08a77d8b450b29,23,KA20-B7570,False,,,True,False,QmExampleDIDDocHash,False,0
user_108,0x48e36cb0414f423f9b7982a09fa8b1ff,did:ethr:0x48e36cb0414f423f9b7982a09fa8b1ff,0xafcb0be5889d46bca8dd4b57cd6f072b,60,KA26-B5046,False,,,True,False,QmExampleDIDDocHash,False,0
user_109,0xbe113bdb41bf48c2ac30ada07ad69e6d,did:ethr:0xbe113bdb41bf48c2ac30ada07ad69e6d,0x9cb6dbbb4e3e4ab9bc7ff32387ba4a0a,44,KA26-C9882,False,,,True,False,QmExampleDIDDocHash,False,0
user_110,0x402ba17b982048698fcd5c058b8b84aa,did:ethr:0x402ba17b982048698fcd5c058b8b84aa,0xd8041a3391374813bcb8122c13d58bec,27,KA95-A7025,False,,,True,False,QmExampleDIDDocHash,False,0
user_111,0x983acb780c63422cbb552bbe01f9ec89,did:ethr:0x983acb780c63422cbb552bbe01f9ec89,0x09513db6d1044485a04e7e631086a7ea,84,KA56-C4149,False,,,True,False,QmExampleDIDDocHash,False,0
user_112,0x1a697e0956174806b3bc7511ed49e5bb,did:ethr:0x1a697e0956174806b3bc7511ed49e5bb,0x481295dbdc8d455fb20786ce2cfdea1e,97,KA92-C8502,False,,,True,False,QmExampleDIDDocHash,False,0
user_113,0x21c238bfd47345e5a2eded5746b854e9,did:ethr:0x21c238bfd47345e5a2eded5746b854e9,0xb147f5e6d45f4e5ebd67386d214771a6,26,KA89-B3574,False,,,True,False,QmExampleDIDDocHash,False,0
user_114,0x8d97b477811e415e919a7307949dfb02,did:ethr:0x8d97b477811e415e919a7307949dfb02,0xbae3aa50498741328144c096e87ba158,45,KA20-C7040,False,,,False,False,QmExampleDIDDocHash,True,37
user_115,0xa8a9c068c0b64671ad54ae555e782fd3,did:ethr:0xa8a9c068c0b64671ad54ae555e782fd3,0x522de4ef58b2460c9f09c8c983f4af37,80,KA39-C4371,False,,,False,False,QmExampleDIDDocHash,True,27
user_116,0x89732d7e24a24d0c80efc3c3830fd18d,did:ethr:0x89732d7e24a24d0c80efc3c3830fd18d,0xca1229a6a30e4647be7dca58b6d47dfa,15,KA57-A4767,False,,,True,False,QmExampleDIDDocHash,False,0
user_117,0xae7730cce5af4ab3bc9cad7cca2788a8,did:ethr:0xae7730cce5af4ab3bc9cad7cca2788a8,0xb6ae95f20d2c4b2d937a182ca38a0454,37,KA49-C6159,False,,,False,False,QmExampleDIDDocHash,True,36
user_118,0xbcdb6a8d221a49dcb2dcdcad94c65224,did:ethr:0xbcdb6a8d221a49dcb2dcdcad94c65224,0x0a5eff6ad42f4c46b1d12a89b793d86b,14,KA16-C9277,False,,,True,False,QmExampleDIDDocHash,False,0
user_119,0x283691cf63e14fb5b4ef26e80c08746b,did:ethr:0x283691cf63e14fb5b4ef26e80c08746b,0xccbf872c2d604af097fc668342678700,42,KA11-B6023,False,,,True,False,QmExampleDIDDocHash,False,0
user_120,0x4749d4b00ddb4cd3b51ab885f50c337f,did:ethr:0x4749d4b00ddb4cd3b51ab885f50c337f,0x7c8592aad23c4eb69af8e5d4169f6f21,86,KA21-C8846,False,,,True,False,QmExampleDIDDocHash,False,0
user_121,0x334ecae0ae954e4f9281d5a8d3ad86d6,did:ethr:0x334ecae0ae954e4f9281d5a8d3ad86d6,0xb816a6bf469a437c883caf3297327607,11,KA13-B5303,False,,,True,False,QmExampleDIDDocHash,False,0
user_122,0x7693301c949241759875d2577edd4730,did:ethr:0x7693301c949241759875d2577edd4730,0xd086338f09824661979678ba203e4ec0,44,KA28-B5062,False,,,True,False,QmExampleDIDDocHash,False,0
user_123,0x0a6fec5230a1469ca7ef936f7a5923cc,did:ethr:0x0a6fec5230a1469ca7ef936f7a5923cc,0xc631552752f84552a45fee801fa81883,95,KA48-C2290,True,Qm47ad24c520b04453be5c4c3e8caeb163,True,True,True,QmExampleDIDDocHash,False,0
user_124,0xc917e451e7664c1c93a105576a90e211,did:ethr:0xc917e451e7664c1c93a105576a90e211,0x1f39a0dc817947f2bd6dd2dd06dc7d73,83,KA27-C2050,False,,,True,False,QmExampleDIDDocHash,False,0
user_125,0x6b654e3370c94526ab6b644a12427ce5,did:ethr:0x6b654e3370c94526ab6b644a12427ce5,0x84e1d52405cb4dd0af1078582867b61e,45,KA69-C1642,False,,,True,False,QmExampleDIDDocHash,False,0
user_126,0xa10fc7e279c547dfbc0d2c86d298f774,did:ethr:0xa10fc7e279c547dfbc0d2c86d298f774,0xb9f0637874f04a9888e94c58d6f0c29f,78,KA53-A7029,False,,,True,False,QmExampleDIDDocHash,False,0
user_127,0xdfa47e08030a4e9da29552f5f6938d04,did:ethr:0xdfa47e08030a4e9da29552f5f6938d04,0x6428ce8351714449bc10f27b131b594a,51,KA80-B1539,False,,,False,False,QmExampleDIDDocHash,True,10
user_128,0x97ecbc1afe22427f966bf6e88f3301f7,did:ethr:0x97ecbc1afe22427f966bf6e88f3301f7,0x648d894d90714d59abf05b5c7b378008,11,KA58-C8204,True,Qm9b54ee90224f44c0bb2222036210233a,False,True,True,QmExampleDIDDocHash,False,0
user_129,0x271a6e0f721c4e60ac6420bbe26bf4ec,did:ethr:0x271a6e0f721c4e60ac6420bbe26bf4ec,0x019c57c29b9541a3996d7c77aa91cb5f,99,KA25-B8383,False,,,True,False,QmExampleDIDDocHash,False,0
user_130,0xdd333c423556484abded7947d89265ed,did:ethr:0xdd333c423556484abded7947d89265ed,0x2b6a789b154a4c56b2d9a2a9c2424060,11,KA34-A8570,True,Qm7d77460e33de41c4b946dcbee1596236,True,True,True,QmExampleDIDDocHash,False,0
user_131,0x5aef8b5e940f4a66aa073e4768d1e575,did:ethr:0x5aef8b5e940f4a66aa073e4768d1e575,0x9e18740350424868858d027e6f033cd3,64,KA67-B9672,False,,,True,False,QmExampleDIDDocHash,False,0
user_132,0x1b3780f071bf4e3ba5921bdeea4da52a,did:ethr:0x1b3780f071bf4e3ba5921bdeea4da52a,0xba27caa457274917b073a65d0c625c78,75,KA60-C2976,False,,,True,False,QmExampleDIDDocHash,False,0
user_133,0xf4af7dcc2c0649029f584139f89aa957,did:ethr:0xf4af7dcc2c0649029f584139f89aa957,0x4cbafb1b3b3c4b3aa4e0a79bf7ccab48,22,KA31-A6006,False,,,False,False,QmExampleDIDDocHash,True,15
user_134,0xe03d2eb598984cf3bd3db617630bda6f,did:ethr:0xe03d2eb598984cf3bd3db617630bda6f,0x501b4eb0c5fe4aedbfbe81f1f88e76cf,68,KA43-A4987,False,,,True,False,QmExampleDIDDocHash,False,0
user_135,0x57f6c0fec44d4cf1b5011d9291e01018,did:ethr:0x57f6c0fec44d4cf1b5011d9291e01018,0x6a2816dc4ddb4059b2624833c697f9ed,9,KA95-C8372,False,,,True,False,QmExampleDIDDocHash,False,0
user_136,0xf47e49719fdd43a99f306da96ff57e02,did:ethr:0xf47e49719fdd43a99f306da96ff57e02,0xf7c769805e67438fbfc459d8d5671a3a,94,KA12-C1405,False,,,True,False,QmExampleDIDDocHash,False,0
user_137,0x91ea76e21a0b47af83c5437388cbedc4,did:ethr:0x91ea76e21a0b47af83c5437388cbedc4,0xda8939617e6c4a6fb39cd1c54808774d,33,KA59-C5759,False,,,True,False,QmExampleDIDDocHash,False,0
user_138,0x7a0eee59c34c433188d3fdf64c87cee5,did:ethr:0x7a0eee59c34c433188d3fdf64c87cee5,0xbc59d7c7edf34a058683188e0c66718c,100,KA65-B3912,False,,,True,False,QmExampleDIDDocHash,False,0
user_139,0x290eb911871d4688be61c71205411767,did:ethr:0x290eb911871d4688be61c71205411767,0x16919fccfe23499f85330dcd13105fda,40,KA67-A1023,False,,,True,False,QmExampleDIDDocHash,False,0
user_140,0x059376f90fcf4dd8a5ba2c6f0f0a4477,did:ethr:0x059376f90fcf4dd8a5ba2c6f0f0a4477,0x2c4b799072a14831af0e8dd67e1a4974,64,KA51-B6091,True,Qm2a9a86774b4f4528b620e270e156860e,False,True,True,QmExampleDIDDocHash,False,0
user_141,0x378b8e880f884685a917924f9e431619,did:ethr:0x378b8e880f884685a917924f9e431619,0xe91bc3c1d36b4832ab0e4a509206b5aa,60,KA88-A2172,False,,,True,False,QmExampleDIDDocHash,False,0
user_142,0xdc7d0c91128b4cf4b570b4929632627b,did:ethr:0xdc7d0c91128b4cf4b570b4929632627b,0x1931bfa34c4b46dab26b10878695d805,11,KA69-B4885,False,,,False,False,QmExampleDIDDocHash,True,40
user_143,0x69abe5b8a011435aaed2fbce98337560,did:ethr:0x69abe5b8a011435aaed2fbce98337560,0xebb95f55253e48799cf0cf59b0512541,26,KA49-C6282,False,,,True,False,QmExampleDIDDocHash,False,0
user_144,0xab33bf04439b4a2488bd37d19ee85aa8,did:ethr:0xab33bf04439b4a2488bd37d19ee85aa8,0xb4b37a74d42d4382ada4f5e66d57d974,62,KA20-B8456,False,,,True,False,QmExampleDIDDocHash,False,0
user_145,0x9e015a03c5da4d33ad1856f28bfe555e,did:ethr:0x9e015a03c5da4d33ad1856f28bfe555e,0x00082e7851854776a99c2d610e72287d,5,KA99-A9339,False,,,True,False,QmExampleDIDDocHash,False,0
user_146,0xe503e3dca0ca404f847322939ec1f7b9,did:ethr:0xe503e3dca0ca404f847322939ec1f7b9,0x5bc155facb9b41a19cc5af7ccd23823c,30,KA99-A9064,False,,,True,False,QmExampleDIDDocHash,False,0
user_147,0x127a96a1819b46f08a54a962ea805ff6,did:ethr:0x127a96a1819b46f08a54a962ea805ff6,0xd3421dcafb3141eeb803f5395fa82d49,53,KA86-C9513,False,,,True,False,QmExampleDIDDocHash,False,0
user_148,0xcd52583e90c0496ca9b15d73732b09cc,did:ethr:0xcd52583e90c0496ca9b15d73732b09cc,0x9a222e4d075b4d048d564452dc468487,13,KA80-A7639,True,Qma25ea3ccba7c4b3c9b906056aa5a92f3,False,True,True,QmExampleDIDDocHash,False,0
user_149,0x034071b88dad4824af5761b91418d340,did:ethr:0x034071b88dad4824af5761b91418d340,0xd61d397ede8d40f882f859aaaca366d3,45,KA58-B9862,True,Qmfeb0234a81e04f10bb452ebd64edb74e,True,True,True,QmExampleDIDDocHash,False,0
user_150,0x500047dcb86d452ca1bb1ed8e66f2b54,did:ethr:0x500047dcb86d452ca1bb1ed8e66f2b54,0xd03a68f776124b70a85f12106a47eb1a,70,KA85-B4500,False,,,True,False,QmExampleDIDDocHash,False,0
user_151,0xc2a5fbb82d1147dda664d234f8f0d846,did:ethr:0xc2a5fbb82d1147dda664d234f8f0d846,0x46caa9d47be34978a49ffd5fc71abeba,35,KA17-B1223,False,,,True,False,QmExampleDIDDocHash,False,0
user_152,0x91c43d321e46431fbb45522e3f162e8b,did:ethr:0x91c43d321e46431fbb45522e3f162e8b,0x4e698bc2cfce497fad91a82c788cecd0,90,KA20-B7546,True,Qm2d37d962e4bd4217979d7f023153368b,True,True,True,QmExampleDIDDocHash,False,0
user_153,0x015c0402e886402b8a62b7639fc58cc7,did:ethr:0x015c0402e886402b8a62b7639fc58cc7,0x0d4e4d2777d64bc38af9fe47ed1f3e76,98,KA83-A6911,False,,,True,False,QmExampleDIDDocHash,False,0
user_154,0xd7615245d0224b099063a7e4ffd001d1,did:ethr:0xd7615245d0224b099063a7e4ffd001d1,0x18556a2bd5704445a2d7af8de297673c,91,KA66-C1779,False,,,True,False,QmExampleDIDDocHash,False,0
user_155,0x69cd1f6f208544f491717b58e0b09713,did:ethr:0x69cd1f6f208544f491717b58e0b09713,0x295540067c7c4b8e85ed70bbde72768a,6,KA60-C1821,False,,,True,False,QmExampleDIDDocHash,False,0
user_156,0xc6e9920fc2384db5a66f1357fec00c59,did:ethr:0xc6e9920fc2384db5a66f1357fec00c59,0xc9638b56bdbd465a8cc8502833d8119d,35,KA97-A7568,False,,,True,False,QmExampleDIDDocHash,False,0
user_157,0x1e185356f5bb4bfe927eacc667bd0a43,did:ethr:0x1e185356f5bb4bfe927eacc667bd0a43,0x742a2680f3a64bb5932259b7083a3d79,98,KA66-B6120,False,,,True,False,QmExampleDIDDocHash,False,0
user_158,0x2ded8f90356242d7a3d4e128a17cd0bb,did:ethr:0x2ded8f90356242d7a3d4e128a17cd0bb,0x2ff3a92d7154480d9b62db029799e730,3,KA86-A5514,False,,,True,False,QmExampleDIDDocHash,False,0
user_159,0xc87bba168cfd4c48a25195bdc143a633,did:ethr:0xc87bba168cfd4c48a25195bdc143a633,0x21728f07dd144c8385bfe575cbeabc5a,60,KA95-C7507,False,,,False,False,QmExampleDIDDocHash,True,39
user_160,0x0b14cba41c0b4aeebb410c0421e25420,did:ethr:0x0b14cba41c0b4aeebb410c0421e25420,0x1ef45cf3e7b342098648c8748e4953b3,50,KA90-A3658,False,,,True,False,QmExampleDIDDocHash,False,0
user_161,0x9d6a63c97c454bba9dbc7e22e2f1d3e0,did:ethr:0x9d6a63c97c454bba9dbc7e22e2f1d3e0,0x09788be6bedb45299ae8f3a0762ce231,58,KA82-C3900,True,Qm037495c3b4e7473b9deebda7fed02e06,True,True,True,QmExampleDIDDocHash,False,0
user_162,0xb771572ed2d041d991b2116ba9b6a7fc,did:ethr:0xb771572ed2d041d991b2116ba9b6a7fc,0x6c23c29ad17d43f59fea774d0c5b827e,6,KA79-B2771,False,,,True,False,QmExampleDIDDocHash,False,0
user_163,0xfec38361976243c59e744f5ca897ba10,did:ethr:0xfec38361976243c59e744f5ca897ba10,0xc3e577720de04d1cac1872194e62b628,53,KA47-C8488,False,,,True,False,QmExampleDIDDocHash,False,0
user_164,0x7af7356ed73e412abe60b17e6cf6c6d6,did:ethr:0x7af7356ed73e412abe60b17e6cf6c6d6,0x8525192eecb3452683252ac2088763ad,51,KA96-C1516,False,,,True,False,QmExampleDIDDocHash,False,0
user_165,0x382f70b622834c5fa04b25551e7602b4,did:ethr:0x382f70b622834c5fa04b25551e7602b4,0x8c0ba5e4ead44d58bf4eaeb55ea487aa,15,KA63-C1390,False,,,True,False,QmExampleDIDDocHash,False,0
user_166,0x21284419480e4cb39e64a40e4a4304f5,did:ethr:0x21284419480e4cb39e64a40e4a4304f5,0x417475dbda1d45eab0ec5be314eea462,80,KA14-B8346,False,,,True,False,QmExampleDIDDocHash,False,0
user_167,0x2908ec13194b4b248ae0f134f85f428d,did:ethr:0x2908ec13194b4b248ae0f134f85f428d,0x76ff028f5bea4420a03962c546840001,65,KA94-B9049,False,,,True,False,QmExampleDIDDocHash,False,0
user_168,0xb5b62e77af9a44729faf4050821dd7e6,did:ethr:0xb5b62e77af9a44729faf4050821dd7e6,0x50cee0244d494a5cad33c514583d6d2a,75,KA84-C7271,False,,,True,False,QmExampleDIDDocHash,False,0
user_169,0x8364ad1bf51540cb977a5a935a77f716,did:ethr:0x8364ad1bf51540cb977a5a935a77f716,0xef2f0e971ba941039805d29ff778da9f,31,KA23-C3962,False,,,True,False,QmExampleDIDDocHash,False,0
user_170,0xf6efcc8f82ff43568a1b0488ebfa0f0d,did:ethr:0xf6efcc8f82ff43568a1b0488ebfa0f0d,0xd7f6a62cc63544ce9637f85abfa4b987,12,KA99-B4657,False,,,True,False,QmExampleDIDDocHash,False,0
user_171,0xcef47d16ce524205981b53d2050e30e3,did:ethr:0xcef47d16ce524205981b53d2050e30e3,0xf6424589d70840228b6590ec4f4135d5,80,KA30-A2493,False,,,True,False,QmExampleDIDDocHash,False,0
user_172,0x0a55c40eaa634d4bb52d805c91ae4f8d,did:ethr:0x0a55c40eaa634d4bb52d805c91ae4f8d,0x8e132d8bf020497ab99319c90b20959c,23,KA93-A8871,False,,,True,False,QmExampleDIDDocHash,False,0
user_173,0x30cde852f56b4d60b3efaa238f68db29,did:ethr:0x30cde852f56b4d60b3efaa238f68db29,0xfedde9637037491e9f500c415304bd1c,19,KA23-C3252,False,,,True,False,QmExampleDIDDocHash,False,0
user_174,0xe0406c305f1f44d58b6ad263381cc527,did:ethr:0xe0406c305f1f44d58b6ad263381cc527,0xc0716dfac1f44c54b355de661787808c,23,KA18-B2824,True,Qm03f74a8543724b08ac5b50e71c32223c,True,True,True,QmExampleDIDDocHash,False,0
user_175,0x0bab6c08f53b4048bca10d23bb7b7f6c,did:ethr:0x0bab6c08f53b4048bca10d23bb7b7f6c,0xaaa149b6bc2949cf93cdca718e311f46,1,KA59-C3683,False,,,True,False,QmExampleDIDDocHash,False,0
user_176,0xbbf05d34d80f48cc92e96b97638d0836,did:ethr:0xbbf05d34d80f48cc92e96b97638d0836,0xe80d1e4d88b74309a7bd2f2c25f19ec8,53,KA41-C8606,False,,,True,False,QmExampleDIDDocHash,False,0
user_177,0x1cdc91089c444f2490667773bae405bc,did:ethr:0x1cdc91089c444f2490667773bae405bc,0x7b8f5de34c8f4212a52d4d0205c765e8,51,KA57-B8719,False,,,True,False,QmExampleDIDDocHash,False,0
user_178,0x0f2bd4da2f8a4d89875330e7bd232943,did:ethr:0x0f2bd4da2f8a4d89875330e7bd232943,0xaa418ed140d547d699de24e51126bd9d,95,KA95-C5492,True,Qm6e48354111a84f9399cb9be011e9822b,True,True,True,QmExampleDIDDocHash,False,0
user_179,0xcdd874b84e36476e9c13d0aa4506b29b,did:ethr:0xcdd874b84e36476e9c13d0aa4506b29b,0x29c8e08ef64f4916811c2cd45b6a2cf1,45,KA34-B7057,False,,,True,False,QmExampleDIDDocHash,False,0
user_180,0xba395ce8b0354ac4abadea0efe322d66,did:ethr:0xba395ce8b0354ac4abadea0efe322d66,0x85b93e26cc3449fca5d9d35285c94e51,66,KA17-C2948,False,,,True,False,QmExampleDIDDocHash,False,0
user_181,0x99a196bc0a8143da87a085ae6b52fb68,did:ethr:0x99a196bc0a8143da87a085ae6b52fb68,0x685e4d8c83c34ec4a80fa044a05dc19c,26,KA98-B4607,False,,,True,False,QmExampleDIDDocHash,False,0
user_182,0xa19f591899a64a16a71c45fdb20ff688,did:ethr:0xa19f591899a64a16a71c45fdb20ff688,0x389e58f9dba9438ebb12f12a4274eeb7,100,KA38-C7140,False,,,True,False,QmExampleDIDDocHash,False,0
user_183,0xa4628ffa67fb407ca8a54068f7d72c4e,did:ethr:0xa4628ffa67fb407ca8a54068f7d72c4e,0xa8d75886374645a393e1f0f452a30145,77,KA79-C8795,True,Qme4df069a254742a5a3f52c4561b80338,True,True,True,QmExampleDIDDocHash,False,0
user_184,0x7030b492a2334726b35bc9fc2b5edfbe,did:ethr:0x7030b492a2334726b35bc9fc2b5edfbe,0x455b85f8916f475283282a345d479b50,65,KA17-B1599,False,,,True,False,QmExampleDIDDocHash,False,0
user_185,0x0da28b45ed7c419ab336d6307356c679,did:ethr:0x0da28b45ed7c419ab336d6307356c679,0x937c47370b244171855559cb69fef712,2,KA12-B9639,True,Qm29699fcbfc464706a72ead0bd253230e,False,True,True,QmExampleDIDDocHash,False,0
user_186,0x3de5e40ec0ae4cbeabd5d0c7d17b9417,did:ethr:0x3de5e40ec0ae4cbeabd5d0c7d17b9417,0xdd0eaf16085b49129d2352f89e2f0b5f,7,KA87-C4700,False,,,True,False,QmExampleDIDDocHash,False,0
user_187,0x022e723213ad42e5bd83eb5b8942fc1d,did:ethr:0x022e723213ad42e5bd83eb5b8942fc1d,0x6c2617f7a39147248d74efc697a1716d,91,KA24-A3169,False,,,True,False,QmExampleDIDDocHash,False,0
user_188,0x0809d5ec649b49839a9e39541bc7b847,did:ethr:0x0809d5ec649b49839a9e39541bc7b847,0xb5e1548378b24cf3b8d283410536cde3,48,KA36-B2691,True,Qm4d6525e88ff641b6916b0dfeb50155a8,False,True,True,QmExampleDIDDocHash,False,0
user_189,0xfa1a8a0d782e40c39eca8fc834339e93,did:ethr:0xfa1a8a0d782e40c39eca8fc834339e93,0xfdebdb6a79d24c4da49ff98585401698,53,KA59-A2369,False,,,True,False,QmExampleDIDDocHash,False,0
user_190,0xe5dd6c2b64c44fd08107168c83742615,did:ethr:0xe5dd6c2b64c44fd08107168c83742615,0xd0655b38eb144261bb9c945e42791b52,11,KA61-B5193,False,,,True,False,QmExampleDIDDocHash,False,0
user_191,0xfc57c6106a264a809359dcb6b3bed801,did:ethr:0xfc57c6106a264a809359dcb6b3bed801,0x342945f6bd8c400ab345ab1408c8b43b,13,KA41-B3846,False,,,True,False,QmExampleDIDDocHash,False,0
user_192,0xde90e4807c81432f87bc0edde0381e2d,did:ethr:0xde90e4807c81432f87bc0edde0381e2d,0xc723a53407d54d35831e3fbc6cfa21dc,94,KA70-A2677,False,,,True,False,QmExampleDIDDocHash,False,0
user_193,0xb10b134c53c0429b93adb6d6e3044881,did:ethr:0xb10b134c53c0429b93adb6d6e3044881,0xc54352eccf2f484095c4d25c8785acad,79,KA92-B8553,False,,,True,False,QmExampleDIDDocHash,False,0
user_194,0xa14716f2f2d94c7ca719e38f43df00e7,did:ethr:0xa14716f2f2d94c7ca719e38f43df00e7,0xb2b79216d9814313aa94cb2a58df4469,75,KA47-B3415,False,,,False,False,QmExampleDIDDocHash,True,32
user_195,0x69a7bacfab604f629aa2467f3e5d962f,did:ethr:0x69a7bacfab604f629aa2467f3e5d962f,0xbb3fc5eee62a4e4983ede31e47d6ecba,34,KA32-C5635,False,,,True,False,QmExampleDIDDocHash,False,0
user_196,0x4c19a144b66e4e9fa331f917da77f76e,did:ethr:0x4c19a144b66e4e9fa331f917da77f76e,0xe4e9d477d5fc4750ab63e23da444e79a,74,KA58-C8608,False,,,True,False,QmExampleDIDDocHash,False,0
user_197,0xb9f229e8bf9a43358dafc5ae0a80c1c4,did:ethr:0xb9f229e8bf9a43358dafc5ae0a80c1c4,0x9689db2c413a48c1a743ff14ba24d4e6,2,KA75-A2723,True,Qm9ef17697a1fd4f4d885a91564bb055f6,True,True,True,QmExampleDIDDocHash,False,0
user_198,0x7300b602305648dc8755bfd228c41980,did:ethr:0x7300b602305648dc8755bfd228c41980,0x8d1c5c75e1534ab293b1a359537f3c8f,50,KA54-A2733,False,,,True,False,QmExampleDIDDocHash,False,0
user_199,0x07bd46c3326244bc97e942dff5164280,did:ethr:0x07bd46c3326244bc97e942dff5164280,0xae3cd4ab14c7469e89e22af8958a45a8,66,KA94-A4012,False,,,True,False,QmExampleDIDDocHash,False,0
user_200,0x1e978e97764b49d9b8597c9eb9d30b56,did:ethr:0x1e978e97764b49d9b8597c9eb9d30b56,0x0c68903d060e4b5ea7512b51e63e0fa6,94,KA51-A2075,True,Qm251a9f57ccca4f069541f36e5115730b,True,True,True,QmExampleDIDDocHash,False,0
user_201,0x54fc4b24787c41e5ab1eea20bee65dfc,did:ethr:0x54fc4b24787c41e5ab1eea20bee65dfc,0xd51a975d838d4cd5a9bddf6e58d437eb,40,KA69-C5031,False,,,True,False,QmExampleDIDDocHash,False,0
user_202,0x74c7da5dc25d4ffb948ba600e5e196e8,did:ethr:0x74c7da5dc25d4ffb948ba600e5e196e8,0xf798f7b45d4c4ba9b379a56d76210a52,20,KA41-C2762,False,,,True,False,QmExampleDIDDocHash,False,0
user_203,0x17bde6353c6d41e89a4a5f8bfdcbc7c4,did:ethr:0x17bde6353c6d41e89a4a5f8bfdcbc7c4,0x8da7a87132934997bf221e81a600f53f,51,KA16-A3611,True,Qm338ce42694954b3991c40eb6e458dbb5,False,True,True,QmExampleDIDDocHash,False,0
user_204,0x7564b532cb1c4d6ba282e05363f38e9b,did:ethr:0x7564b532cb1c4d6ba282e05363f38e9b,0x4ee82318a23f4d12aa712185b24903f3,10,KA49-B7753,False,,,True,False,QmExampleDIDDocHash,False,0
user_205,0x543b56538a3f47c2bd59fae0ec1ca4f7,did:ethr:0x543b56538a3f47c2bd59fae0ec1ca4f7,0x9388320564314614bb56ecbd1f6ffde5,37,KA37-B7713,False,,,True,False,QmExampleDIDDocHash,False,0
user_206,0x9d05aa004e9a43458cab0378fccddd82,did:ethr:0x9d05aa004e9a43458cab0378fccddd82,0x83b2949c8963486da1e5057911ddb320,15,KA15-C9070,True,Qm68fd4e446cf14ef4ae64c9ea71c727ba,True,True,True,QmExampleDIDDocHash,False,0
user_207,0x752f293e1b8d463d968095a2e61626a7,did:ethr:0x752f293e1b8d463d968095a2e61626a7,0x332acdd236e6498a8491dad729931a7a,42,KA52-C1576,False,,,True,False,QmExampleDIDDocHash,False,0
user_208,0xe9475cfe75144d62baa3b0e8ee2bdd53,did:ethr:0xe9475cfe75144d62baa3b0e8ee2bdd53,0x8b74ddb7a3334cd8ba494588e40e888d,37,KA10-A7002,False,,,True,False,QmExampleDIDDocHash,False,0
user_209,0x8b9fc0cfb29948a6943e95593a50c9bc,did:ethr:0x8b9fc0cfb29948a6943e95593a50c9bc,0x776b8d07e990455aa9d12272d11d801a,4,KA51-C2666,True,Qmcea9e18c8f36436b8903cdd2fb7ed73d,True,True,True,QmExampleDIDDocHash,False,0
user_210,0x7393acec0aa14ec28b2a89b90f9feef2,did:ethr:0x7393acec0aa14ec28b2a89b90f9feef2,0xddb7f96ea72849ea98d838ff75b8f151,58,KA97-A7118,True,Qmc3f84421b81b4d78a38083d536bd6682,False,False,True,QmExampleDIDDocHash,True,1
user_211,0x0dc0d240f48e42ab94e3b68188df30ac,did:ethr:0x0dc0d240f48e42ab94e3b68188df30ac,0xf8e8a1b2f2814a15ac36844762079d7e,7,KA27-A8730,True,Qm21e2f0b62228412e9e015532b9e1b2af,True,False,True,QmExampleDIDDocHash,True,4
user_212,0x54f905413d3546f3b6224d515f83c150,did:ethr:0x54f905413d3546f3b6224d515f83c150,0xb60690e28c7d43d7b558c6e8b08744f7,85,KA16-A3031,False,,,True,False,QmExampleDIDDocHash,False,0
user_213,0x2f55989aaf944a6288b2698febb82af0,did:ethr:0x2f55989aaf944a6288b2698febb82af0,0xdf21c5f2b8c84e268aa58d90c50daa81,11,KA85-C2924,False,,,True,False,QmExampleDIDDocHash,False,0
user_214,0x254c401b60cc4a36963d5baf7e632f80,did:ethr:0x254c401b60cc4a36963d5baf7e632f80,0xa37637289d224916b05b57a6aa7627d4,40,KA80-C6557,False,,,True,False,QmExampleDIDDocHash,False,0
user_215,0xd2e165a4f52b4a6ba26a44144e23743c,did:ethr:0xd2e165a4f52b4a6ba26a44144e23743c,0x719a3351d89b438eb1cfa2773a97574f,37,KA18-A4406,False,,,True,False,QmExampleDIDDocHash,False,0
user_216,0x3d62a96de1d34c10b4866f0885bcdb81,did:ethr:0x3d62a96de1d34c10b4866f0885bcdb81,0x7407b48b1d1e48b499cb6d779a494dd2,94,KA45-A5741,False,,,True,False,QmExampleDIDDocHash,False,0
user_217,0x8a6d5727ac674a38b84c95d92632142a,did:ethr:0x8a6d5727ac674a38b84c95d92632142a,0x74dbf04acac0451da193bc0909781f3e,37,KA41-B5446,False,,,True,False,QmExampleDIDDocHash,False,0
user_218,0x8d0292677e384158af6302b21dcd59bf,did:ethr:0x8d0292677e384158af6302b21dcd59bf,0x545f49407f9f46d9ad4a490ecbc6461e,97,KA22-B6525,False,,,True,False,QmExampleDIDDocHash,False,0
user_219,0x145703a825f2406cbc27c6028ea31bdc,did:ethr:0x145703a825f2406cbc27c6028ea31bdc,0xa69e7beb100849edb2a906ddc62812f1,15,KA96-A1305,False,,,True,False,QmExampleDIDDocHash,False,0
user_220,0x49215d61ddd548d4af88c785c45efff7,did:ethr:0x49215d61ddd548d4af88c785c45efff7,0x7051a16f5a164635912589590d27e067,23,KA43-B4966,True,Qmc7cc5d278d5b49af8d3272761a8e1e66,False,True,True,QmExampleDIDDocHash,False,0
user_221,0x1c9bcf6c2c884bd78925140f54cfb03b,did:ethr:0x1c9bcf6c2c884bd78925140f54cfb03b,0x0e542403c5ed4bb9a6994d47fe7ad330,55,KA99-C8773,False,,,True,False,QmExampleDIDDocHash,False,0
user_222,0x3a7abfb9a57b4191aaa67bfe64f46252,did:ethr:0x3a7abfb9a57b4191aaa67bfe64f46252,0x18edfdebc2d548878258a69d9ed6e18d,81,KA34-C5239,False,,,True,False,QmExampleDIDDocHash,False,0
user_223,0x9cd0f8cfacba4322b75fb31586bb9ae8,did:ethr:0x9cd0f8cfacba4322b75fb31586bb9ae8,0x0a0900a9874f40b58fc262a5e0ab7768,37,KA69-B2781,False,,,True,False,QmExampleDIDDocHash,False,0
user_224,0xc4a8003e339b425c95c02adfc4af337e,did:ethr:0xc4a8003e339b425c95c02adfc4af337e,0x4f703e802d9b4766a735d97422993da3,24,KA71-B6268,True,Qmc7312c25f5014c36968753388f50d710,False,True,True,QmExampleDIDDocHash,False,0
user_225,0x6ad9f5f5bcf8412586f9d4d7cf497359,did:ethr:0x6ad9f5f5bcf8412586f9d4d7cf497359,0xf15998c20d8043d08cc1f5e342e2a4dc,79,KA97-B2762,False,,,True,False,QmExampleDIDDocHash,False,0
user_226,0x430dd956118b4bd895a5f97654eb26b3,did:ethr:0x430dd956118b4bd895a5f97654eb26b3,0xd53aa24f20804a66b3bc213db50d1863,29,KA70-B1850,False,,,False,False,QmExampleDIDDocHash,True,28
user_227,0x41d8a06d5cf1415f87a5ced56f9f666f,did:ethr:0x41d8a06d5cf1415f87a5ced56f9f666f,0x635f8f685b354baf85738795265ec22c,98,KA67-C6197,False,,,True,False,QmExampleDIDDocHash,False,0
user_228,0xa2be1688ff6f4d008011bb6a0018bb5d,did:ethr:0xa2be1688ff6f4d008011bb6a0018bb5d,0x5b4ae686ad5f47d1b8ad3c73029590f8,80,KA95-A4061,False,,,True,False,QmExampleDIDDocHash,False,0
user_229,0x4aa0ac38fe694920a0dd7a8cae2f71dd,did:ethr:0x4aa0ac38fe694920a0dd7a8cae2f71dd,0x559db79290e64ba3bc6623746f4fdde7,52,KA72-A7965,True,Qm4d10ef9c917e4a6ca6ec84f3015e61b0,False,True,True,QmExampleDIDDocHash,False,0
user_230,0x630f149d8d364c1c97912e97610854e2,did:ethr:0x630f149d8d364c1c97912e97610854e2,0xd8fbfb352e0746dc844f4a6f5ec7c128,93,KA32-A1213,False,,,True,False,QmExampleDIDDocHash,False,0
user_231,0x71d8bf8de2d947249e67f1c22aed2eef,did:ethr:0x71d8bf8de2d947249e67f1c22aed2eef,0x18d905fd3e2e49348d291430f868e694,58,KA93-A7177,False,,,True,False,QmExampleDIDDocHash,False,0
user_232,0x5c3d1683c14c4c1cb71278750f366fc4,did:ethr:0x5c3d1683c14c4c1cb71278750f366fc4,0x8bb57cab153a4787add45fc0ec89df7b,32,KA33-B8841,False,,,False,False,QmExampleDIDDocHash,True,19
user_233,0x2e4bdd9a985f43509ad1bfaa71410315,did:ethr:0x2e4bdd9a985f43509ad1bfaa71410315,0xbe6a490280904554aa18985d4fe08b39,24,KA94-C5224,False,,,False,False,QmExampleDIDDocHash,True,35
user_234,0xe64dbe56881e4832a80c4795c16db0ad,did:ethr:0xe64dbe56881e4832a80c4795c16db0ad,0x2de5a56e025b43babaff00e79bac10b4,6,KA83-B8385,False,,,True,False,QmExampleDIDDocHash,False,0
user_235,0x1b03b9338f6b43e295004e49f1cbf3ec,did:ethr:0x1b03b9338f6b43e295004e49f1cbf3ec,0x607b93a8719449d1ac6f2073c40aa52f,56,KA17-A8179,False,,,True,False,QmExampleDIDDocHash,False,0
user_236,0x5872a1fe7ed341e3920f64d95cf40ed7,did:ethr:0x5872a1fe7ed341e3920f64d95cf40ed7,0x26c3d4e51f4140dd913f07f775f5fbe4,66,KA35-C8463,False,,,True,False,QmExampleDIDDocHash,False,0
user_237,0x3109d6cb2713422187ba018028b54f9e,did:ethr:0x3109d6cb2713422187ba018028b54f9e,0x82d2e4d21aa144e0935474935426e85e,75,KA55-B4971,True,Qm42819d41b85d4b5a929e2e02e8a97999,True,True,True,QmExampleDIDDocHash,False,0
user_238,0x9e6fea5c42ac4ab7894df54070b9aa60,did:ethr:0x9e6fea5c42ac4ab7894df54070b9aa60,0xcd57f84b02a04992b8e3be03b63e7636,57,KA85-B3742,False,,,True,False,QmExampleDIDDocHash,False,0
user_239,0xcdd9b24779e244cbb58590fe87aaab50,did:ethr:0xcdd9b24779e244cbb58590fe87aaab50,0x4338b7f8781c4880b22dac5042dcbea3,1,KA32-B2376,False,,,True,False,QmExampleDIDDocHash,False,0
user_240,0x96a9bc09b5d7482fa4ef53e0cb39d742,did:ethr:0x96a9bc09b5d7482fa4ef53e0cb39d742,0x5f3f537c6b23432aa1e1b52c5f7f52bc,90,KA21-C7101,False,,,True,False,QmExampleDIDDocHash,False,0
user_241,0xd4424d7adcf948818aaeab1a611505da,did:ethr:0xd4424d7adcf948818aaeab1a611505da,0x571766d135c44f83a5d22d44828afc9c,95,KA52-A3766,False,,,True,False,QmExampleDIDDocHash,False,0
user_242,0xe3db7490e3e447f5bf8ba7408a39cf38,did:ethr:0xe3db7490e3e447f5bf8ba7408a39cf38,0x7457eac3fe8c42288c7d531623eb8ed5,8,KA78-B4510,False,,,True,False,QmExampleDIDDocHash,False,0
user_243,0x4da826a7cb274087a48567dd5afd07e2,did:ethr:0x4da826a7cb274087a48567dd5afd07e2,0x501a9e7423644fc7b703f131e47019a8,38,KA29-A7082,False,,,True,False,QmExampleDIDDocHash,False,0
user_244,0xe016012e7d8c449bb923834843137e89,did:ethr:0xe016012e7d8c449bb923834843137e89,0x9b4c5a0f69604bbfa6a7bf1c8cb6dc30,32,KA14-C8559,False,,,True,False,QmExampleDIDDocHash,False,0
user_245,0xd9baf81276134a3ca81bcc1221d5d7b5,did:ethr:0xd9baf81276134a3ca81bcc1221d5d7b5,0xbe424c940b734a49bdca907b37f32faf,82,KA70-A3270,False,,,True,False,QmExampleDIDDocHash,False,0
user_246,0xf9c09547d9564dbf85178dcd78ff183a,did:ethr:0xf9c09547d9564dbf85178dcd78ff183a,0xf553e65064d74bc4b5aa3b40f3a2ad5a,42,KA28-A4792,False,,,True,False,QmExampleDIDDocHash,False,0
user_247,0x67d8786f025242c89f45872d54190524,did:ethr:0x67d8786f025242c89f45872d54190524,0x5f75fe69bdd64e5c95192a97d8babf84,15,KA18-A7483,False,,,True,False,QmExampleDIDDocHash,False,0
user_248,0xa54e6f3c80ff4ca79b8e16394de00022,did:ethr:0xa54e6f3c80ff4ca79b8e16394de00022,0x4144f0e8c0824fc496d7d6171797835e,81,KA70-A7108,False,,,True,False,QmExampleDIDDocHash,False,0
user_249,0x07b9e99011b04ee7813a9f542cb889aa,did:ethr:0x07b9e99011b04ee7813a9f542cb889aa,0x1814336056784ee38cf7fc7fb7238e5b,13,KA55-C5869,False,,,True,False,QmExampleDIDDocHash,False,0
user_250,0x3e7f820d6f1843788c963715aa51d8bf,did:ethr:0x3e7f820d6f1843788c963715aa51d8bf,0x0593bff547914ad3ae21ac7cbb0be3fa,13,KA69-C4755,False,,,True,False,QmExampleDIDDocHash,False,0
user_251,0x3c4bdd4a6073425fa6e0730b7242711b,did:ethr:0x3c4bdd4a6073425fa6e0730b7242711b,0xd0744f52dae94850a272e2d283effe19,69,KA86-B8767,False,,,True,False,QmExampleDIDDocHash,False,0
user_252,0x62d58bb4bff6412981197ad01bda5239,did:ethr:0x62d58bb4bff6412981197ad01bda5239,0x68fac682b451493897da432d6e215551,60,KA65-C7836,False,,,True,False,QmExampleDIDDocHash,False,0
user_253,0x28b6c942ffd944479d81d35f9c2fe451,did:ethr:0x28b6c942ffd944479d81d35f9c2fe451,0xbdcfc48309da4eb39bf486711829bd5b,74,KA94-A9293,True,Qm6d001d0651cb4f2890d2e4c6a1439d27,False,True,True,QmExampleDIDDocHash,False,0
user_254,0x726324b6be334cb79d55503bc828df99,did:ethr:0x726324b6be334cb79d55503bc828df99,0xd48d8296df65448db770c395bc3087a0,8,KA80-B3186,False,,,True,False,QmExampleDIDDocHash,False,0
user_255,0x0897cd3cbc6c4bcfbb3d6c0565f790fe,did:ethr:0x0897cd3cbc6c4bcfbb3d6c0565f790fe,0x22ca77c32fd44552a75515ebf7ddea9c,68,KA26-B8460,False,,,True,False,QmExampleDIDDocHash,False,0
user_256,0x3925bf48c238482fb5a5bb90f763c8e6,did:ethr:0x3925bf48c238482fb5a5bb90f763c8e6,0x5ef95994eccc41c980f220ef70420482,12,KA65-A5415,False,,,True,False,QmExampleDIDDocHash,False,0
user_257,0xe2c72dea556d4aaa8be7f4890462d2d7,did:ethr:0xe2c72dea556d4aaa8be7f4890462d2d7,0xfd75ca00368b4180b840bccad8707f0d,24,KA99-C6909,False,,,True,False,QmExampleDIDDocHash,False,0
user_258,0xdfe99fb4342c4dc5bc67779d38613cbc,did:ethr:0xdfe99fb4342c4dc5bc67779d38613cbc,0xe4c22fbb96714f81bf4a0299fb5bf3e2,98,KA11-C3818,False,,,True,False,QmExampleDIDDocHash,False,0
user_259,0xb12f194070994f5dba935a0ba44e0342,did:ethr:0xb12f194070994f5dba935a0ba44e0342,0x38ff9c30401c4971bb1fef181997513f,73,KA94-B5535,False,,,True,False,QmExampleDIDDocHash,False,0
user_260,0x4205a4cc231e4adba74357d8e9a9c034,did:ethr:0x4205a4cc231e4adba74357d8e9a9c034,0xdfb1cce5069743bfb2da663460554edb,35,KA75-C6341,False,,,True,False,QmExampleDIDDocHash,False,0
user_261,0x1eb9702d395840aba03682adfe48e06c,did:ethr:0x1eb9702d395840aba03682adfe48e06c,0x5769597d793642dc966c5593ee7ef8e2,54,KA46-A2161,False,,,True,False,QmExampleDIDDocHash,False,0
user_262,0xb20009eddc9a49c1abc0f078c533ffbc,did:ethr:0xb20009eddc9a49c1abc0f078c533ffbc,0x5db45c9296b04433b30caabc338de383,80,KA14-B5779,True,Qm81d4d100aafe493b9924ac51454fd799,False,False,True,QmExampleDIDDocHash,True,33
user_263,0x230a28671f0b4e37969519afd8bb60e2,did:ethr:0x230a28671f0b4e37969519afd8bb60e2,0xc95e1cf4c83246df9853e60b86e64b36,94,KA66-B1179,False,,,False,False,QmExampleDIDDocHash,True,29
user_264,0xad81a970f78e49d09147e092f2f0db6c,did:ethr:0xad81a970f78e49d09147e092f2f0db6c,0x157524afd7924f058bfc13f366fb2278,14,KA53-C1362,False,,,True,False,QmExampleDIDDocHash,False,0
user_265,0x901b5d5f979547dc9fcf4de8ed8fd6bf,did:ethr:0x901b5d5f979547dc9fcf4de8ed8fd6bf,0xaef38b853d8f4871a814db63aa803531,26,KA60-C3500,False,,,True,False,QmExampleDIDDocHash,False,0
user_266,0x524b6e998bd2432283cbc302f869b297,did:ethr:0x524b6e998bd2432283cbc302f869b297,0xd7be59df085e4e2795748d44a48ace1f,50,KA16-C5176,False,,,True,False,QmExampleDIDDocHash,False,0
user_267,0x1386e857da6a47a597c49fc313442ceb,did:ethr:0x1386e857da6a47a597c49fc313442ceb,0x210e2aaf6b584168b71e77027af25c4f,83,KA68-B6168,False,,,False,False,QmExampleDIDDocHash,True,9
user_268,0x97d6a745d2bd45fe9856065aa8c9de46,did:ethr:0x97d6a745d2bd45fe9856065aa8c9de46,0x2e2943946093405786bc949e3588ea8d,16,KA12-C1282,False,,,True,False,QmExampleDIDDocHash,False,0
user_269,0x65a22804cc7f49608b4a71a0c0644920,did:ethr:0x65a22804cc7f49608b4a71a0c0644920,0x8cde780e8c804fba880512ab525c48d5,73,KA11-A1138,False,,,True,False,QmExampleDIDDocHash,False,0
user_270,0xe99b4facce7448628b678570c8311d06,did:ethr:0xe99b4facce7448628b678570c8311d06,0x1ec360c4c3c94e619ba7bbba33ceb2a0,45,KA79-B6443,False,,,True,False,QmExampleDIDDocHash,False,0
user_271,0xa09739bfc8e2495a92f815345ddb11d2,did:ethr:0xa09739bfc8e2495a92f815345ddb11d2,0x55c8c3dff5744bccae70c6515c8ade2a,75,KA88-A8983,False,,,True,False,QmExampleDIDDocHash,False,0
user_272,0x933d4da2528a4b938f4b3c3a6763e288,did:ethr:0x933d4da2528a4b938f4b3c3a6763e288,0xe873932b6fbc4ac7ba29cebb872ce599,41,KA63-A2697,False,,,False,False,QmExampleDIDDocHash,True,24
user_273,0x2c29c8da5d174a2fbb26bbae32f27c71,did:ethr:0x2c29c8da5d174a2fbb26bbae32f27c71,0x0214fdefc6564d83bd88fcd2ec2871cb,22,KA14-C4648,False,,,True,False,QmExampleDIDDocHash,False,0
user_274,0xa68dcb36113b447a8cc007192925833e,did:ethr:0xa68dcb36113b447a8cc007192925833e,0x3114cbe24ea24158bafc9ce633e22b1a,44,KA57-C9001,False,,,True,False,QmExampleDIDDocHash,False,0
user_275,0x90d967087cb54b6d8a12266af22093a8,did:ethr:0x90d967087cb54b6d8a12266af22093a8,0xec3699091acf44df9e3e213c6dfcd15d,6,KA73-A2386,False,,,True,False,QmExampleDIDDocHash,False,0
user_276,0x8fd9f4b7de44493b9a72dc738cf5c819,did:ethr:0x8fd9f4b7de44493b9a72dc738cf5c819,0x810c977abbf74dbc95753fe5dc3fed6f,79,KA41-A2726,False,,,True,False,QmExampleDIDDocHash,False,0
user_277,0x19d0860856f84a82a8b5a121f72b003f,did:ethr:0x19d0860856f84a82a8b5a121f72b003f,0xd8fdc12e50f7452d8f1c12eb4e7beabc,96,KA50-C9034,False,,,True,False,QmExampleDIDDocHash,False,0
user_278,0x35412118964248a7b6d958aeca747ecb,did:ethr:0x35412118964248a7b6d958aeca747ecb,0x6991e2ae99aa4a889946d3c64d6a3436,76,KA76-A8842,False,,,True,False,QmExampleDIDDocHash,False,0
user_279,0xf6523b77e39849bba180090f8c053108,did:ethr:0xf6523b77e39849bba180090f8c053108,0x92c41d51d5b04d709e335786a4038253,16,KA42-B2671,False,,,False,False,QmExampleDIDDocHash,True,17
user_280,0x38ab32704a0c4e31bcdb9a5720bc7477,did:ethr:0x38ab32704a0c4e31bcdb9a5720bc7477,0xfb4516b9380244889b0c1894c1490d95,81,KA32-B9504,False,,,True,False,QmExampleDIDDocHash,False,0
user_281,0x509605e9442f4c1882574736cd819aa0,did:ethr:0x509605e9442f4c1882574736cd819aa0,0x56159f844f4a4972962b0b954f39a258,52,KA64-A9784,False,,,False,False,QmExampleDIDDocHash,True,2
user_282,0x7d2a1bbad2694a6daec3462c0bf7089d,did:ethr:0x7d2a1bbad2694a6daec3462c0bf7089d,0xb301a37ef2e94eac89b6bf482489757a,62,KA90-B1499,True,Qm522933fc64874a23a071df958291d99d,False,True,True,QmExampleDIDDocHash,False,0
user_283,0xf10e4477e140494fbda99987e48225d6,did:ethr:0xf10e4477e140494fbda99987e48225d6,0xa6a7fb71f8c84bddb86b732c195712cd,55,KA34-A3640,False,,,True,False,QmExampleDIDDocHash,False,0
user_284,0x91638e09b2f24f5992235bcc6d9bb015,did:ethr:0x91638e09b2f24f5992235bcc6d9bb015,0x040eafee098648159641e1351338bb0d,28,KA16-B9557,False,,,True,False,QmExampleDIDDocHash,False,0
user_285,0x0298b668578e42fd826d60bb4f7c802d,did:ethr:0x0298b668578e42fd826d60bb4f7c802d,0x3e8e8abfd19c497992429cb4c2c51633,50,KA15-A9617,True,Qmac0b8774bb814a67925469780be3949a,True,True,True,QmExampleDIDDocHash,False,0
user_286,0x1e6937df6bbc45379c1e8840c565845a,did:ethr:0x1e6937df6bbc45379c1e8840c565845a,0x0375a7f8bc99411cb139d723d7ce2c55,35,KA44-C9853,False,,,True,False,QmExampleDIDDocHash,False,0
user_287,0x8563cbd087bf491081ef5998d3535491,did:ethr:0x8563cbd087bf491081ef5998d3535491,0x708ff42e28564373b5a01f9de873c6d1,87,KA43-C7408,False,,,True,False,QmExampleDIDDocHash,False,0
user_288,0x81e37895ca6d4222852b77b3bba3a57c,did:ethr:0x81e37895ca6d4222852b77b3bba3a57c,0xda84e524e4524ad39ff7cd9d2c1ad8f7,35,KA62-B5895,False,,,True,False,QmExampleDIDDocHash,False,0
user_289,0x8fc3a72ef7704a94927a46f5781f9948,did:ethr:0x8fc3a72ef7704a94927a46f5781f9948,0x1ab95b2f5144400c9464425e5dba1075,76,KA89-C5097,True,Qm5f5acbcc44204d279275382c403a8222,False,True,True,QmExampleDIDDocHash,False,0
user_290,0x8a5463655a0445a3bafb3f6f3042041b,did:ethr:0x8a5463655a0445a3bafb3f6f3042041b,0x5b01d6b28ee64880b1e6bbf53ab95b06,57,KA25-B3862,False,,,True,False,QmExampleDIDDocHash,False,0
user_291,0x0ad0bc53f82c4322a67522691528615a,did:ethr:0x0ad0bc53f82c4322a67522691528615a,0x429cd676494b425ca9ed146a8cd5b195,3,KA15-B1417,False,,,True,False,QmExampleDIDDocHash,False,0
user_292,0x6ab794d288cc476cbf8d8316e91f5f06,did:ethr:0x6ab794d288cc476cbf8d8316e91f5f06,0x7a38c4c9927d462981511f670e608f58,1,KA73-B9924,False,,,True,False,QmExampleDIDDocHash,False,0
user_293,0x819d9adb3ef34ef89e23c04028981646,did:ethr:0x819d9adb3ef34ef89e23c04028981646,0x8b5edad1c3eb4a83a29a20868b3bb5f5,60,KA71-A1590,False,,,True,False,QmExampleDIDDocHash,False,0
user_294,0x796c1440c7f04b81bbed0883e8deec74,did:ethr:0x796c1440c7f04b81bbed0883e8deec74,0x6ca2bef7caa44a52bc362511aed2b553,12,KA26-B9741,True,Qm52b3f0196b6d41968c08b7e5f885c0f3,True,True,True,QmExampleDIDDocHash,False,0
user_295,0x3cd653c20aa84cf790676a6b3e7b6a8a,did:ethr:0x3cd653c20aa84cf790676a6b3e7b6a8a,0xe9a42cc71b9940648b518f913196b877,2,KA85-C6623,False,,,True,False,QmExampleDIDDocHash,False,0
user_296,0x82229f9a45b8477f92f0007dd6d4616c,did:ethr:0x82229f9a45b8477f92f0007dd6d4616c,0x196eb717812540b5b9b6eaf8f9c87805,76,KA94-B7697,False,,,True,False,QmExampleDIDDocHash,False,0
user_297,0xe562fb3f724b4867b5aa5b930c040f51,did:ethr:0xe562fb3f724b4867b5aa5b930c040f51,0x4494313a71074849b4c610bffcca0b00,87,KA86-A8789,False,,,True,False,QmExampleDIDDocHash,False,0
user_298,0xf8798e6542364ec2b0aa7f063338b7f7,did:ethr:0xf8798e6542364ec2b0aa7f063338b7f7,0xa6f147f27ab24dcaaf97a87e98cd6f69,74,KA43-C7782,False,,,True,False,QmExampleDIDDocHash,False,0
user_299,0xe3c5418a750e47e98db5c27f4fb32b63,did:ethr:0xe3c5418a750e47e98db5c27f4fb32b63,0x6e6af25126b7442b88e7057f038c64ec,88,KA46-B4424,False,,,True,False,QmExampleDIDDocHash,False,0
user_300,0x378ee6e52ee246f683e3244397559abe,did:ethr:0x378ee6e52ee246f683e3244397559abe,0x8abd5e09e3884a2a9453d10a0d9a422d,6,KA20-B8562,False,,,True,False,QmExampleDIDDocHash,False,0
user_301,0x3d3e3516859341c89bd1d1792f0addf0,did:ethr:0x3d3e3516859341c89bd1d1792f0addf0,0x3a7817e443a04da3a92de602c5de4221,12,KA12-C8787,False,,,True,False,QmExampleDIDDocHash,False,0
user_302,0xe2d9ab21c361463d99a6a81789f4983f,did:ethr:0xe2d9ab21c361463d99a6a81789f4983f,0xb49fd4f4b10748bda11383911506db2c,65,KA88-B1397,True,Qm026aabf440814325b97186cc40e08b7f,False,True,True,QmExampleDIDDocHash,False,0
user_303,0x913401eec3864383949732c07ead626c,did:ethr:0x913401eec3864383949732c07ead626c,0xa6a489c06b2145a4aa8177a1e95b1b0d,82,KA85-B1709,False,,,True,False,QmExampleDIDDocHash,False,0
user_304,0x64e9b8a9590a4b5abcfbac44bab746f2,did:ethr:0x64e9b8a9590a4b5abcfbac44bab746f2,0x0bbec8163d514078baa58bf6d7d4eb8c,5,KA52-C8781,False,,,True,False,QmExampleDIDDocHash,False,0
user_305,0xebc09bef870440f6914976f3623dc935,did:ethr:0xebc09bef870440f6914976f3623dc935,0xc3cb1fa3d7bd461d9dacfb401f984ab2,13,KA34-C6767,True,Qma7aa228f733e4449af8a9321064a8156,False,True,True,QmExampleDIDDocHash,False,0
user_306,0xf8942b5c74264a9cb2eef797a281cf61,did:ethr:0xf8942b5c74264a9cb2eef797a281cf61,0x44dd58a89155420da77cae325e689ec9,50,KA66-C2298,True,Qmd2acf1047aae40c6ad246396be26d48c,True,True,True,QmExampleDIDDocHash,False,0
user_307,0x55dea849714a4177bb665a70d3f4305a,did:ethr:0x55dea849714a4177bb665a70d3f4305a,0x83613ec60f20417281f45d1b993808d9,49,KA52-A9256,False,,,True,False,QmExampleDIDDocHash,False,0
user_308,0x85429e677c5643e0a140dc4bfc8b7a16,did:ethr:0x85429e677c5643e0a140dc4bfc8b7a16,0xbf26d7b530d04b219552e19755141dd8,79,KA36-C1613,False,,,True,False,QmExampleDIDDocHash,False,0
user_309,0x589afd6af2ae468288b9238946334e22,did:ethr:0x589afd6af2ae468288b9238946334e22,0xcd2559fa7067409ca265a72df4057fdc,29,KA34-C5753,False,,,True,False,QmExampleDIDDocHash,False,0
user_310,0x96d78e95928346d99b739d293bae855d,did:ethr:0x96d78e95928346d99b739d293bae855d,0x86897ddaf03442cd87040bd64b8278f5,42,KA82-A4662,False,,,True,False,QmExampleDIDDocHash,False,0
user_311,0xd7ca5ed16fd34500b2e3fda0fb96cc19,did:ethr:0xd7ca5ed16fd34500b2e3fda0fb96cc19,0x63de3f333f184cf387372e6d525cc45b,4,KA56-A1553,False,,,True,False,QmExampleDIDDocHash,False,0
user_312,0xa7b8f1caf6a54c15aadd44b33778368f,did:ethr:0xa7b8f1caf6a54c15aadd44b33778368f,0xf1cbe47282bf4716b9769bcc2ccd013b,39,KA97-A5469,False,,,True,False,QmExampleDIDDocHash,False,0
user_313,0x259699a42e424d0b83b4fdbf0e7c70df,did:ethr:0x259699a42e424d0b83b4fdbf0e7c70df,0x42fad8e15b3b4a14bbc77e9a4304e05d,35,KA26-C7575,True,Qm19948083a8bd4394ad3c8cca59a260b1,True,True,True,QmExampleDIDDocHash,False,0
user_314,0x17f5e48155a848429ab2c1f851abc6f4,did:ethr:0x17f5e48155a848429ab2c1f851abc6f4,0xaaa045118475413aab9cb5be2dfd3dc4,35,KA11-B3283,False,,,True,False,QmExampleDIDDocHash,False,0
user_315,0x91ca5e5524294a208a650937138fd18f,did:ethr:0x91ca5e5524294a208a650937138fd18f,0xe3c57b6d711146e9ad45475654d2b045,77,KA22-B1266,False,,,True,False,QmExampleDIDDocHash,False,0
user_316,0xfb5e3f36af944e508fd9b28772694d43,did:ethr:0xfb5e3f36af944e508fd9b28772694d43,0xa8c787dec5e841aab6ae08cefb5f2bad,69,KA88-B5023,False,,,True,False,QmExampleDIDDocHash,False,0
user_317,0x5c03aa6592a14536ba683492f8f03aaa,did:ethr:0x5c03aa6592a14536ba683492f8f03aaa,0x50bc0aa3f4c8411fb2cf3fe0435903bc,64,KA37-B8477,False,,,True,False,QmExampleDIDDocHash,False,0
user_318,0xbbb82fcdd7d340ada6e741bc0f6c3a91,did:ethr:0xbbb82fcdd7d340ada6e741bc0f6c3a91,0x013b41394adb45dd88f72fdd36db25dc,11,KA10-C1755,False,,,True,False,QmExampleDIDDocHash,False,0
user_319,0x20be9ec29241415b8bd902c917b483f5,did:ethr:0x20be9ec29241415b8bd902c917b483f5,0xd784c0d2a7934b6699547371b8a383f7,3,KA56-C5305,False,,,True,False,QmExampleDIDDocHash,False,0
user_320,0x1fc0a826adbb461bb59e0facfaf9ad19,did:ethr:0x1fc0a826adbb461bb59e0facfaf9ad19,0xb07e70807d054c868a7784a31205924c,2,KA84-C3172,False,,,True,False,QmExampleDIDDocHash,False,0
user_321,0x72d026eb44c0479a89e1b0c5ffd54709,did:ethr:0x72d026eb44c0479a89e1b0c5ffd54709,0x10b02a9df50741059970e7b6992ef98f,93,KA10-B4325,False,,,True,False,QmExampleDIDDocHash,False,0
user_322,0x621d2739a71148b184ff64fa77406229,did:ethr:0x621d2739a71148b184ff64fa77406229,0x61fc54bb5b9f45ba973d21f4c453c650,98,KA55-C4726,False,,,True,False,QmExampleDIDDocHash,False,0
user_323,0xedd2d6a631164f04a069369e2bf7fd57,did:ethr:0xedd2d6a631164f04a069369e2bf7fd57,0xea7ec0c9cfbf4bd0ae8361c910f96433,62,KA19-C1648,False,,,True,False,QmExampleDIDDocHash,False,0
user_324,0x57aebf78ae82487295352852b2889898,did:ethr:0x57aebf78ae82487295352852b2889898,0x215befcb565142cf9ddbdaa226d2ee14,80,KA34-B7069,False,,,True,False,QmExampleDIDDocHash,False,0
user_325,0x6c0f35d97358499c87d57315a0016edc,did:ethr:0x6c0f35d97358499c87d57315a0016edc,0x0bf9dd12e7e04c8498288875c54c29cf,50,KA28-B9519,True,Qm9ac215bc587d453bbebd9d1ca3266309,True,True,True,QmExampleDIDDocHash,False,0
user_326,0x6c070f1bdc55459197babb70e39728cc,did:ethr:0x6c070f1bdc55459197babb70e39728cc,0xba2c0b506b344778933252e5a9995852,46,KA87-C3305,False,,,True,False,QmExampleDIDDocHash,False,0
user_327,0x6a89ba1522344594b143755ad54cad96,did:ethr:0x6a89ba1522344594b143755ad54cad96,0x2ece87ebda1e4967afeb61b12be6a6fc,27,KA49-C7921,False,,,True,False,QmExampleDIDDocHash,False,0
user_328,0xd0635ce68506495cb2c0671421438b5b,did:ethr:0xd0635ce68506495cb2c0671421438b5b,0x634c3664ab2f48998783c87dac26cce8,57,KA11-B5555,False,,,True,False,QmExampleDIDDocHash,False,0
user_329,0xb99fcbe2e15f4762bff297b32319ae3b,did:ethr:0xb99fcbe2e15f4762bff297b32319ae3b,0x447da703f9d340ed816c566625899bc3,45,KA91-B5812,False,,,True,False,QmExampleDIDDocHash,False,0
user_330,0x336de7b2bb854b82b72127e3f10916c8,did:ethr:0x336de7b2bb854b82b72127e3f10916c8,0x09f65b53e27d420a9bae5ea2b51cffc3,67,KA34-B3548,False,,,False,False,QmExampleDIDDocHash,True,7
user_331,0x36ef0ecb19a845d88b990bef0037e354,did:ethr:0x36ef0ecb19a845d88b990bef0037e354,0xafee2bb0090444db946f3ee99478f387,58,KA15-C4089,False,,,True,False,QmExampleDIDDocHash,False,0
user_332,0xa8556c2b083d4f3c99df79c971e3c47a,did:ethr:0xa8556c2b083d4f3c99df79c971e3c47a,0x43c34a8b79714b359180dd96d866877f,77,KA55-A7105,True,Qm1480250662d64ce69f6296bbaa4506c8,True,True,True,QmExampleDIDDocHash,False,0
user_333,0x9fb3253df99c443e960174f2ad3fc4d0,did:ethr:0x9fb3253df99c443e960174f2ad3fc4d0,0x38855afe521a4b01a557d5a0168ead1b,32,KA82-C7048,True,Qm0dc20de4abe447358a1c4f2faee82de9,True,True,True,QmExampleDIDDocHash,False,0
user_334,0x859ce414c6524e95a001143784492919,did:ethr:0x859ce414c6524e95a001143784492919,0x99b3cf4a20b841e5929547a4ab4d31e7,26,KA62-B9035,False,,,True,False,QmExampleDIDDocHash,False,0
user_335,0xc69a04ab3cf6415f8b7422bee2312f16,did:ethr:0xc69a04ab3cf6415f8b7422bee2312f16,0xa0a3a0b740354c29bb366e45572f9394,7,KA75-C4309,False,,,True,False,QmExampleDIDDocHash,False,0
user_336,0x1976283f52584891bcede935f4c55a09,did:ethr:0x1976283f52584891bcede935f4c55a09,0x6d9d0eae36404cda821c145a776efcab,45,KA80-C5526,False,,,True,False,QmExampleDIDDocHash,False,0
user_337,0xf42683f6373c460a89ed24d7f56e84ec,did:ethr:0xf42683f6373c460a89ed24d7f56e84ec,0x81f2e5e173c7420eb33a62598599e253,36,KA63-B9081,False,,,True,False,QmExampleDIDDocHash,False,0
user_338,0x8162b973157143bdacd5659b0b33394b,did:ethr:0x8162b973157143bdacd5659b0b33394b,0xd532555c84284461bf212b28dfa5ae31,2,KA48-C7347,False,,,True,False,QmExampleDIDDocHash,False,0
user_339,0x77601bc58fb74b59b15d4054db21ebb9,did:ethr:0x77601bc58fb74b59b15d4054db21ebb9,0x8d07cf29eace4609acc667707e06e288,30,KA79-C3705,False,,,True,False,QmExampleDIDDocHash,False,0
user_340,0xbe9acdba474e4774aaf1b112a62f26c2,did:ethr:0xbe9acdba474e4774aaf1b112a62f26c2,0x29dec312ef374117a8aa40c526df1411,78,KA72-A6035,False,,,True,False,QmExampleDIDDocHash,False,0
user_341,0x62d305869ae24cde831b8862f1a0944b,did:ethr:0x62d305869ae24cde831b8862f1a0944b,0xacf70cfe6458493f88c949a090d4f959,24,KA21-C6437,True,Qm8323e8401d514384beee1e2b83d0f92d,False,True,True,QmExampleDIDDocHash,False,0
user_342,0xfbc3cf04eaef476799b5be14da54593e,did:ethr:0xfbc3cf04eaef476799b5be14da54593e,0xef637d1bf7764b7b9d56a86951527a73,34,KA72-C8220,False,,,True,False,QmExampleDIDDocHash,False,0
user_343,0x68bc2f4b58194739a9080ae29224fb44,did:ethr:0x68bc2f4b58194739a9080ae29224fb44,0xff6babd3c29543539cdd955f10a16da2,56,KA49-A8697,False,,,False,False,QmExampleDIDDocHash,True,38
user_344,0xd8fec9f8533e4db4a7b6debd2bc980a0,did:ethr:0xd8fec9f8533e4db4a7b6debd2bc980a0,0x9419f8e7660c41919d81df64a260cdd5,5,KA69-A3972,False,,,True,False,QmExampleDIDDocHash,False,0
user_345,0x455feecb385a4bb9bf53bca5d7b53aaa,did:ethr:0x455feecb385a4bb9bf53bca5d7b53aaa,0xa4564ded5d5e449e837710587e21b4a5,86,KA19-B1306,False,,,True,False,QmExampleDIDDocHash,False,0
user_346,0xa7f154aa046c4f43a281d60dcee6a63e,did:ethr:0xa7f154aa046c4f43a281d60dcee6a63e,0x773fa22ffb604249850e7bde71a93845,63,KA94-B1503,False,,,True,False,QmExampleDIDDocHash,False,0
user_347,0x1fc4fa0275664b21852aac4fd0190b91,did:ethr:0x1fc4fa0275664b21852aac4fd0190b91,0x533ae4ae1a7e47f286c007172c3384de,28,KA44-A9232,False,,,True,False,QmExampleDIDDocHash,False,0
user_348,0x0979bc3713c546748956c7795e608e21,did:ethr:0x0979bc3713c546748956c7795e608e21,0x43c669f1b9104f04983bda89b6f80a12,82,KA61-C6489,False,,,True,False,QmExampleDIDDocHash,False,0
user_349,0x2de2f828cd9145a7895cd3d601c2b2c5,did:ethr:0x2de2f828cd9145a7895cd3d601c2b2c5,0x21508790fded42fd8f5c79a1288e1692,30,KA26-C8939,True,Qm2f28208d9b414c47a7bb3f2a7214fe95,True,True,True,QmExampleDIDDocHash,False,0
user_350,0xc13ddcc55f54458cb91a438e5117415e,did:ethr:0xc13ddcc55f54458cb91a438e5117415e,0xe19574e5e97244348410f962aa6e87b5,94,KA12-B5291,False,,,True,False,QmExampleDIDDocHash,False,0
user_351,0xbfa2649b7655482badf7e16c1f889855,did:ethr:0xbfa2649b7655482badf7e16c1f889855,0xf40381d7ae9b470bb9ab49061ce70074,62,KA93-C7930,False,,,True,False,QmExampleDIDDocHash,False,0
user_352,0xaf60e043b7564bbda2e2a44aecbef576,did:ethr:0xaf60e043b7564bbda2e2a44aecbef576,0x16110e8b6f9640febdc8e15519d992c2,91,KA72-C7154,False,,,True,False,QmExampleDIDDocHash,False,0
user_353,0x241eb9518f9f44a2837f04b010614b09,did:ethr:0x241eb9518f9f44a2837f04b010614b09,0x3ed6f771cb944564a5b31449f6263d13,24,KA62-B8802,False,,,True,False,QmExampleDIDDocHash,False,0
user_354,0x00f5f74b5b1f48928810ed9356a311e9,did:ethr:0x00f5f74b5b1f48928810ed9356a311e9,0x506ef6587fb2480db3bc3b85ce21ced8,37,KA25-C3820,False,,,True,False,QmExampleDIDDocHash,False,0
user_355,0x844136038fb04dc0aa9b89cb177435aa,did:ethr:0x844136038fb04dc0aa9b89cb177435aa,0x7aff51c575024b52aed10348ee96b7f3,72,KA83-C2935,False,,,True,False,QmExampleDIDDocHash,False,0
user_356,0x790b6c5b5062492fb71f122f5a9dc9d4,did:ethr:0x790b6c5b5062492fb71f122f5a9dc9d4,0x991131e1f104444198c569b12950cb2a,60,KA34-B9113,False,,,True,False,QmExampleDIDDocHash,False,0
user_357,0xbabadbe6ee0c487cbca3d16db94e6b7c,did:ethr:0xbabadbe6ee0c487cbca3d16db94e6b7c,0x635be0b354a846a0808043c2cc0e5519,12,KA11-C4167,False,,,True,False,QmExampleDIDDocHash,False,0
user_358,0x43a3e1a834f1405c995267b91f1950e1,did:ethr:0x43a3e1a834f1405c995267b91f1950e1,0xf9ba07410bf8455ca1200437ad46d817,47,KA80-A7292,False,,,True,False,QmExampleDIDDocHash,False,0
user_359,0xabe9009122eb4d59b035172cc17a376a,did:ethr:0xabe9009122eb4d59b035172cc17a376a,0xc8c7d15ebce8448e91cf583a494f5f44,55,KA33-A2381,False,,,True,False,QmExampleDIDDocHash,False,0
user_360,0x1021d0c58d76452bbcfbdf213c58cb65,did:ethr:0x1021d0c58d76452bbcfbdf213c58cb65,0xf517daff8f5e4d80948396c7a278e63e,53,KA59-B4551,False,,,True,False,QmExampleDIDDocHash,False,0
user_361,0x1c2e579d3fad474d8d9f579e42bba4e6,did:ethr:0x1c2e579d3fad474d8d9f579e42bba4e6,0x6302210d7bb94d33b01f3ca1f245491a,26,KA66-C8208,True,Qm5c81e6da71544eaa9466f83876cb7cf8,False,True,True,QmExampleDIDDocHash,False,0
user_362,0x49ebe3bc63814693a84207d8f20453e3,did:ethr:0x49ebe3bc63814693a84207d8f20453e3,0xc861460b8bbb4fae988f827b4e24e6f6,46,KA15-B5756,False,,,False,False,QmExampleDIDDocHash,True,12
user_363,0xe220b743423c4ab6a05b7f18ef0d7a5f,did:ethr:0xe220b743423c4ab6a05b7f18ef0d7a5f,0x81b82ef1bf004de6b2a02e18dc21455b,36,KA60-A4783,False,,,True,False,QmExampleDIDDocHash,False,0
user_364,0x2c9c498bf7ac4683bee46e60a592c389,did:ethr:0x2c9c498bf7ac4683bee46e60a592c389,0xf4deedb7dae04a6fa6c50f35096e050d,33,KA78-B3756,False,,,True,False,QmExampleDIDDocHash,False,0
user_365,0xa6566e59ed134da1acbf0275659563cc,did:ethr:0xa6566e59ed134da1acbf0275659563cc,0xd2d0dbf2b8674ab09c35fcc9d5e6f904,15,KA97-C2719,False,,,True,False,QmExampleDIDDocHash,False,0
user_366,0x162e06b4a0ea44d0a73c2789c810d417,did:ethr:0x162e06b4a0ea44d0a73c2789c810d417,0x4cf81355812a43a2ad72d87d11f9bb19,34,KA17-C4825,False,,,True,False,QmExampleDIDDocHash,False,0
user_367,0xa28b864881ac47d2bd26095994b4bb30,did:ethr:0xa28b864881ac47d2bd26095994b4bb30,0xd50dbc0380fd4f5d83bd9ef3dff866c0,78,KA54-B6649,False,,,True,False,QmExampleDIDDocHash,False,0
user_368,0x2edcaee1f81c463690bc352867284e81,did:ethr:0x2edcaee1f81c463690bc352867284e81,0xa94c2b5cb8274fefbd74b804c8f4f3e2,15,KA80-C3624,True,Qmce621b1514e74113918030aff50ff2d8,False,True,True,QmExampleDIDDocHash,False,0
user_369,0xe3a88fe0e3834723907ec4b7857b027b,did:ethr:0xe3a88fe0e3834723907ec4b7857b027b,0xfb9c5a5cbc554463808282b7c72e8e98,79,KA30-A5512,True,Qm4118ad79310c45f8ab0f2f3859cb41d8,False,True,True,QmExampleDIDDocHash,False,0
user_370,0xd5217f57b8a34f96b42bcbdfaaa29375,did:ethr:0xd5217f57b8a34f96b42bcbdfaaa29375,0xae67b1c5641d4e51851b1365615a48b8,52,KA58-A4019,False,,,True,False,QmExampleDIDDocHash,False,0
user_371,0x3562e584170d45a796a96fd7f856ec00,did:ethr:0x3562e584170d45a796a96fd7f856ec00,0x7df16b378b0749d78c6ccd8b44e9ac2a,50,KA77-A6252,False,,,True,False,QmExampleDIDDocHash,False,0
user_372,0xe4933ac57a4a4111adb6b7b01cadd0fa,did:ethr:0xe4933ac57a4a4111adb6b7b01cadd0fa,0x857533d082aa4d7c904576d9c9aa1ddb,95,KA42-C3595,True,Qm85409c1ab2534fa88f0bd7bb538e2b0f,True,True,True,QmExampleDIDDocHash,False,0
user_373,0xd87e665a057a43878e832cda24b93ef7,did:ethr:0xd87e665a057a43878e832cda24b93ef7,0xa5b41dd4a3e24130a26f2276af6004b3,57,KA68-B6644,False,,,True,False,QmExampleDIDDocHash,False,0
user_374,0x51a4897cd4d1495ba789e9fd73660378,did:ethr:0x51a4897cd4d1495ba789e9fd73660378,0x8d97518dc3b94549a5ab830db6428f79,32,KA44-C1062,False,,,True,False,QmExampleDIDDocHash,False,0
user_375,0x6e64e598188e428689846e13a2435dcc,did:ethr:0x6e64e598188e428689846e13a2435dcc,0xfcbfa9a3ff23461cb2eb4d934cf59cc5,58,KA85-C2237,False,,,True,False,QmExampleDIDDocHash,False,0
user_376,0x140bba4b76894128b49526ca6799ebbe,did:ethr:0x140bba4b76894128b49526ca6799ebbe,0x0884ea85128740c8abf5d500b7f87a76,80,KA87-A3900,False,,,True,False,QmExampleDIDDocHash,False,0
user_377,0xaeb2fd6ecfc045e48176f26318711cf1,did:ethr:0xaeb2fd6ecfc045e48176f26318711cf1,0x24482df331f642af899a0a2441378e90,61,KA15-B5665,False,,,False,False,QmExampleDIDDocHash,True,18
user_378,0x8ebc3815453f4353970c0c0a44f4b166,did:ethr:0x8ebc3815453f4353970c0c0a44f4b166,0x3118b9a103f64d4c8758a6e2352fc94b,4,KA40-C6307,False,,,True,False,QmExampleDIDDocHash,False,0
user_379,0x2fe5ed0f616d4ded989631540045fcff,did:ethr:0x2fe5ed0f616d4ded989631540045fcff,0x5e4e153039ce48ecac7da3358c9f1f93,1,KA19-B5885,False,,,True,False,QmExampleDIDDocHash,False,0
user_380,0xdc94980a5ed84b4a95db75122e6c9e49,did:ethr:0xdc94980a5ed84b4a95db75122e6c9e49,0x55e91bef0bd3431bac41f70efa71c83a,17,KA42-B2906,False,,,True,False,QmExampleDIDDocHash,False,0
user_381,0x47f340a68ab740b6a19eb60e7cbec57f,did:ethr:0x47f340a68ab740b6a19eb60e7cbec57f,0xf5ef267ab3ad4b0285e16a3da1d43b4c,8,KA74-A8317,False,,,True,False,QmExampleDIDDocHash,False,0
user_382,0x55719df4dd9644889a37d72e139c7c2b,did:ethr:0x55719df4dd9644889a37d72e139c7c2b,0x07c05d8996a24025bc54cf258397bd71,5,KA96-C6374,False,,,True,False,QmExampleDIDDocHash,False,0
user_383,0x735e8235aa5e476da8fd4d42fbdfc78c,did:ethr:0x735e8235aa5e476da8fd4d42fbdfc78c,0xd4f8853e1c81478d90f5b25e54ab1f5f,3,KA59-A6221,False,,,True,False,QmExampleDIDDocHash,False,0
user_384,0xa98940fb51d64c028446bca553b8cd4c,did:ethr:0xa98940fb51d64c028446bca553b8cd4c,0x1a0bb620a4144697bcf17df43ce912c7,30,KA41-A4270,False,,,True,False,QmExampleDIDDocHash,False,0
user_385,0xf53bade2685e4e7aa4b3c0c602430567,did:ethr:0xf53bade2685e4e7aa4b3c0c602430567,0xcde9b8dc1fd64acd98f63b7217e80a2c,27,KA10-B2760,False,,,True,False,QmExampleDIDDocHash,False,0
user_386,0x1c620d3dae40491f92160bb56ad7d4c8,did:ethr:0x1c620d3dae40491f92160bb56ad7d4c8,0xf15db9926eae4f85b0921ebd1214b3cc,71,KA18-A8837,False,,,False,False,QmExampleDIDDocHash,True,20
user_387,0x0d0f2db7eef14b8483cb06083bd55530,did:ethr:0x0d0f2db7eef14b8483cb06083bd55530,0x5376365b5653416f84289fa4007f7025,86,KA87-B2900,True,Qm190f49511b824e44b9407cb3be80bc08,True,True,True,QmExampleDIDDocHash,False,0
user_388,0x3e818837e82d40d6a0e27e3c52459cc1,did:ethr:0x3e818837e82d40d6a0e27e3c52459cc1,0x40ce2cfafb50442799b245ed6a7cd3f9,99,KA75-B6880,False,,,True,False,QmExampleDIDDocHash,False,0
user_389,0x1515f94cbe7e421b9c67b61b58da3c5a,did:ethr:0x1515f94cbe7e421b9c67b61b58da3c5a,0x0d725693ca1d414f9a885c19556e683b,44,KA95-C4096,False,,,True,False,QmExampleDIDDocHash,False,0
user_390,0x1dec7c1ffc8d41759afad06534945016,did:ethr:0x1dec7c1ffc8d41759afad06534945016,0xf5cedc3b098048cb8f02977c32f7e630,55,KA34-A7300,False,,,True,False,QmExampleDIDDocHash,False,0
user_391,0xe2f1638aa07c458b904fcda84e9751ae,did:ethr:0xe2f1638aa07c458b904fcda84e9751ae,0xe38a78fd9f384070ade9315a73b67f91,22,KA49-B5883,False,,,True,False,QmExampleDIDDocHash,False,0
user_392,0x747e3446b44b4efca85aa766a192ed76,did:ethr:0x747e3446b44b4efca85aa766a192ed76,0xf39dfec06d62499ba16680e28c11cd78,82,KA67-A9895,False,,,False,False,QmExampleDIDDocHash,True,23
user_393,0x83d1d5378ba9413a9a58af67ff622344,did:ethr:0x83d1d5378ba9413a9a58af67ff622344,0x74caf98ffa7c47bd94dcc65f6f45ba1d,69,KA68-C8033,False,,,True,False,QmExampleDIDDocHash,False,0
user_394,0x924ebd0e2c9e4e1ea5fc1bb4f21cd49f,did:ethr:0x924ebd0e2c9e4e1ea5fc1bb4f21cd49f,0xf74e0d4f20e74521b6646d2a66194e3a,37,KA32-A4567,False,,,True,False,QmExampleDIDDocHash,False,0
user_395,0xc6ed08f515d04e3cb5ed9547172f223a,did:ethr:0xc6ed08f515d04e3cb5ed9547172f223a,0x3b58b8813a674fb1a9672607da6a93bc,22,KA38-A7657,False,,,True,False,QmExampleDIDDocHash,False,0
user_396,0x2ff0eb772b444206a60bdea72b0f00a9,did:ethr:0x2ff0eb772b444206a60bdea72b0f00a9,0xfbe6472f861d4c29853885abaaf70336,11,KA48-A7650,True,Qm495bead6340249898c742185eaeef2e8,False,False,True,QmExampleDIDDocHash,True,31
user_397,0xe9befe1c732840f4a8827ef6ec3d0b76,did:ethr:0xe9befe1c732840f4a8827ef6ec3d0b76,0xfccedf5338d54662aeb455be0e83119a,20,KA43-B4753,False,,,False,False,QmExampleDIDDocHash,True,26
user_398,0x106b8a13c6b7442e98f2d5fd90f50300,did:ethr:0x106b8a13c6b7442e98f2d5fd90f50300,0x46958eb2ae37467287c96f5fbdb60a42,89,KA21-C2493,False,,,True,False,QmExampleDIDDocHash,False,0
user_399,0x4bcc48d4eac94e7dad57df0b28c36577,did:ethr:0x4bcc48d4eac94e7dad57df0b28c36577,0xeca0f5f46ab84a4ba3aca470562a000a,30,KA85-C1937,False,,,True,False,QmExampleDIDDocHash,False,0
user_400,0x74a85be1724349dcbb159353b02bc9e3,did:ethr:0x74a85be1724349dcbb159353b02bc9e3,0x3f6c7a1cc9f74956ae5463d93fb3c2c6,3,KA16-C1590,False,,,True,False,QmExampleDIDDocHash,False,0
